date,city,state,station_id,tmin_C,tmax_C,tavg_C,prcp_mm
1/09/2019,Adelaide,SA,94672,6.3,15.8,11.1,0
1/09/2019,Brisbane,QLD,94578,9,22,16.6,0
1/09/2019,Canberra,ACT,94926,-2.3,19.3,9.6,0.3
1/09/2019,Darwin,NT,94120,18,32,24.1,0
1/09/2019,Hobart,TAS,94975,8.3,15.2,11.4,0
1/09/2019,Melbourne,VIC,94866,8.7,18.8,11.3,0
1/09/2019,Perth,WA,94610,10.9,19.1,13.5,0.2
1/09/2019,Sydney,NSW,94767,9.7,23.3,16.6,0
2/09/2019,Adelaide,SA,94672,3.9,24,15.2,0
2/09/2019,Brisbane,QLD,94578,10.3,27,17.6,0
2/09/2019,Canberra,ACT,94926,0.5,19,11.7,0
2/09/2019,Darwin,NT,94120,19.1,32.9,25.2,0
2/09/2019,Hobart,TAS,94975,6.2,18.3,12.8,0
2/09/2019,Melbourne,VIC,94866,6.7,17.5,13.7,3.2
2/09/2019,Perth,WA,94610,8.9,20.2,15.1,17.6
2/09/2019,Sydney,NSW,94767,10.7,19.1,14.7,0
3/09/2019,Adelaide,SA,94672,7.2,17.5,12.3,2
3/09/2019,Brisbane,QLD,94578,11.7,23,16.7,0
3/09/2019,Canberra,ACT,94926,4.3,21.7,10.1,0
3/09/2019,Darwin,NT,94120,19.9,31.9,25.4,0
3/09/2019,Hobart,TAS,94975,8.5,20.1,12.8,0
3/09/2019,Melbourne,VIC,94866,10.1,21.6,12.1,1.2
3/09/2019,Perth,WA,94610,10.6,18.3,14.2,2.8
3/09/2019,Sydney,NSW,94767,11,23.7,16.7,0
4/09/2019,Adelaide,SA,94672,8.6,17.3,12.7,3
4/09/2019,Brisbane,QLD,94578,9.9,33.3,20.5,0
4/09/2019,Canberra,ACT,94926,-0.3,22.2,12.2,0
4/09/2019,Darwin,NT,94120,20.5,32.7,25.9,0
4/09/2019,Hobart,TAS,94975,5.9,16.1,9.7,0
4/09/2019,Melbourne,VIC,94866,5.3,19.6,12.8,0
4/09/2019,Perth,WA,94610,10.3,16.8,11.6,1.4
4/09/2019,Sydney,NSW,94767,10.6,29.2,20.8,0
5/09/2019,Adelaide,SA,94672,9.5,17.3,13.5,3
5/09/2019,Brisbane,QLD,94578,12,28,19.4,0
5/09/2019,Canberra,ACT,94926,1.5,21.2,12.8,0
5/09/2019,Darwin,NT,94120,20.2,30.2,25.4,0
5/09/2019,Hobart,TAS,94975,2.9,13.9,7.3,0
5/09/2019,Melbourne,VIC,94866,7.4,19.4,13.9,0.2
5/09/2019,Perth,WA,94610,2.6,16.7,9.9,0
5/09/2019,Sydney,NSW,94767,15.2,21.7,18.1,0
6/09/2019,Adelaide,SA,94672,9.9,14.3,11.9,3
6/09/2019,Brisbane,QLD,94578,10.1,34.6,23.2,0
6/09/2019,Canberra,ACT,94926,5.4,20.1,9.2,3.8
6/09/2019,Darwin,NT,94120,20.6,30.9,25.7,0
6/09/2019,Hobart,TAS,94975,2.3,11.6,10.1,0
6/09/2019,Melbourne,VIC,94866,9.6,15.6,10.2,1.6
6/09/2019,Perth,WA,94610,3,20.4,11.1,0
6/09/2019,Sydney,NSW,94767,13.8,30.4,17.4,0
7/09/2019,Adelaide,SA,94672,9.1,14.6,12.4,2
7/09/2019,Brisbane,QLD,94578,16.7,26,19.9,0
7/09/2019,Canberra,ACT,94926,5.7,11,8.2,0
7/09/2019,Darwin,NT,94120,22,31.1,26.2,0
7/09/2019,Hobart,TAS,94975,6.3,10.2,8,6.2
7/09/2019,Melbourne,VIC,94866,7.1,13.1,8.4,1.8
7/09/2019,Perth,WA,94610,1.7,22,13.9,0
7/09/2019,Sydney,NSW,94767,10.8,20.3,15,0
8/09/2019,Adelaide,SA,94672,10.4,15.8,12.1,2
8/09/2019,Brisbane,QLD,94578,10.9,25,18.7,0
8/09/2019,Canberra,ACT,94926,4,13.4,8,0
8/09/2019,Darwin,NT,94120,20.2,34.2,26.3,0
8/09/2019,Hobart,TAS,94975,4.3,14.4,9.6,0.6
8/09/2019,Melbourne,VIC,94866,4.4,15.4,8.6,0.8
8/09/2019,Perth,WA,94610,6.2,25.8,16.9,0
8/09/2019,Sydney,NSW,94767,11.2,20.1,14.4,0
9/09/2019,Adelaide,SA,94672,6.1,14.4,9.7,0
9/09/2019,Brisbane,QLD,94578,11,23.7,16.7,0
9/09/2019,Canberra,ACT,94926,3.3,14.1,7.1,0
9/09/2019,Darwin,NT,94120,21.4,36.3,26.7,0
9/09/2019,Hobart,TAS,94975,6.3,12.5,8,3
9/09/2019,Melbourne,VIC,94866,4.9,12.7,8.5,9.6
9/09/2019,Perth,WA,94610,8.9,32.6,20.7,0
9/09/2019,Sydney,NSW,94767,11.2,17.4,12.9,0
10/09/2019,Adelaide,SA,94672,3.6,15,10.9,0
10/09/2019,Brisbane,QLD,94578,10,20.2,15.6,0
10/09/2019,Canberra,ACT,94926,0.2,15.7,6.9,0
10/09/2019,Darwin,NT,94120,20.4,33.4,25.6,0
10/09/2019,Hobart,TAS,94975,4.6,16.9,12.7,0.4
10/09/2019,Melbourne,VIC,94866,4.9,14.5,8.5,0.4
10/09/2019,Perth,WA,94610,10,29.2,19.4,0
10/09/2019,Sydney,NSW,94767,7.9,16.4,13.1,0.2
11/09/2019,Adelaide,SA,94672,4.4,23.3,19.2,0
11/09/2019,Brisbane,QLD,94578,10.3,21.1,15.2,0
11/09/2019,Canberra,ACT,94926,-3.1,19.4,9.1,0
11/09/2019,Darwin,NT,94120,18.3,33.5,25.1,0
11/09/2019,Hobart,TAS,94975,10,21.3,16.9,0
11/09/2019,Melbourne,VIC,94866,3.7,20.2,14.3,0
11/09/2019,Perth,WA,94610,12.9,23.4,17.2,0
11/09/2019,Sydney,NSW,94767,9,20.7,15.1,0
12/09/2019,Adelaide,SA,94672,10.2,17.5,12.9,0
12/09/2019,Brisbane,QLD,94578,8.4,22.2,15.8,0
12/09/2019,Canberra,ACT,94926,-0.6,19.2,7.8,0
12/09/2019,Darwin,NT,94120,18.6,33.3,24.9,0
12/09/2019,Hobart,TAS,94975,12.2,18.2,11.2,0.6
12/09/2019,Melbourne,VIC,94866,10.5,20,12.6,0
12/09/2019,Perth,WA,94610,11.8,25.8,18,0
12/09/2019,Sydney,NSW,94767,9.1,27.6,19.4,0
13/09/2019,Adelaide,SA,94672,6.4,14.8,12.1,0
13/09/2019,Brisbane,QLD,94578,8.1,29.4,19.3,0
13/09/2019,Canberra,ACT,94926,-2.8,22.3,12.2,0
13/09/2019,Darwin,NT,94120,19.3,32.5,25.6,0
13/09/2019,Hobart,TAS,94975,4.2,15.6,10.7,0.2
13/09/2019,Melbourne,VIC,94866,4.5,17.6,11.9,0
13/09/2019,Perth,WA,94610,11.3,27.2,19.5,0
13/09/2019,Sydney,NSW,94767,14.5,20.1,16.1,0
14/09/2019,Adelaide,SA,94672,7.8,26.6,20.1,0
14/09/2019,Brisbane,QLD,94578,11.8,25.1,18.9,0
14/09/2019,Canberra,ACT,94926,-0.5,21.8,10.6,0
14/09/2019,Darwin,NT,94120,19,32.9,25.8,0
14/09/2019,Hobart,TAS,94975,6.3,17.4,15,2
14/09/2019,Melbourne,VIC,94866,6.6,19.9,15.1,0
14/09/2019,Perth,WA,94610,12,24.5,18.4,0
14/09/2019,Sydney,NSW,94767,11.1,19.8,14.8,0
15/09/2019,Adelaide,SA,94672,14.2,27.2,18.1,1
15/09/2019,Brisbane,QLD,94578,12.7,23.7,17.3,0
15/09/2019,Canberra,ACT,94926,-0.4,24,15.1,0
15/09/2019,Darwin,NT,94120,19.5,32.3,25.8,0
15/09/2019,Hobart,TAS,94975,12.3,17.8,11.7,0
15/09/2019,Melbourne,VIC,94866,11.4,19.5,13.3,1
15/09/2019,Perth,WA,94610,10.6,23.4,17.8,0
15/09/2019,Sydney,NSW,94767,9.3,28.6,20.6,0
16/09/2019,Adelaide,SA,94672,6.3,17.6,9.4,0
16/09/2019,Brisbane,QLD,94578,10.9,23.8,18.6,0
16/09/2019,Canberra,ACT,94926,2.7,24.7,10.2,32
16/09/2019,Darwin,NT,94120,21.2,32.7,25.7,0
16/09/2019,Hobart,TAS,94975,5.2,11.1,6.6,1.4
16/09/2019,Melbourne,VIC,94866,7.9,12.4,7.3,11.8
16/09/2019,Perth,WA,94610,12.9,26.3,18.8,0
16/09/2019,Sydney,NSW,94767,14.4,28.7,15.8,0
17/09/2019,Adelaide,SA,94672,3,14.3,10.3,0
17/09/2019,Brisbane,QLD,94578,11.2,24.3,19.3,1.5
17/09/2019,Canberra,ACT,94926,0.8,9.5,7.2,0
17/09/2019,Darwin,NT,94120,20.5,32.6,26.2,0
17/09/2019,Hobart,TAS,94975,2.5,14.5,9.2,0
17/09/2019,Melbourne,VIC,94866,1.1,13.2,7.8,0
17/09/2019,Perth,WA,94610,11.9,22.7,16.7,0
17/09/2019,Sydney,NSW,94767,9.4,15.7,13.7,10
18/09/2019,Adelaide,SA,94672,4.2,22.4,18.8,0
18/09/2019,Brisbane,QLD,94578,13,25.6,17.7,0
18/09/2019,Canberra,ACT,94926,2.1,14.8,9.6,
18/09/2019,Darwin,NT,94120,22,31.9,26.9,0
18/09/2019,Hobart,TAS,94975,2.7,17.2,10.8,0.2
18/09/2019,Melbourne,VIC,94866,2.9,19.4,12.4,0
18/09/2019,Perth,WA,94610,11.5,21.3,15.4,0
18/09/2019,Sydney,NSW,94767,10.6,17.5,15.4,42
19/09/2019,Adelaide,SA,94672,17.6,29.5,22.2,0
19/09/2019,Brisbane,QLD,94578,10.3,23.6,18.4,0
19/09/2019,Canberra,ACT,94926,10.6,20.1,13.3,0
19/09/2019,Darwin,NT,94120,20.1,32.8,26.4,0
19/09/2019,Hobart,TAS,94975,4.2,21.6,16.4,0
19/09/2019,Melbourne,VIC,94866,5.2,23,19.3,0
19/09/2019,Perth,WA,94610,9.5,16,9.6,9.8
19/09/2019,Sydney,NSW,94767,13.6,21.9,18.7,29
20/09/2019,Adelaide,SA,94672,10.6,25.7,13.3,14
20/09/2019,Brisbane,QLD,94578,13.2,24,19.9,1
20/09/2019,Canberra,ACT,94926,5.6,23.3,16.5,0
20/09/2019,Darwin,NT,94120,20.4,30.9,26.2,0
20/09/2019,Hobart,TAS,94975,11,26.5,18.4,0
20/09/2019,Melbourne,VIC,94866,16.1,24.7,20.5,0
20/09/2019,Perth,WA,94610,2,18.5,11.8,0
20/09/2019,Sydney,NSW,94767,14.6,23,19.7,0.6
21/09/2019,Adelaide,SA,94672,10.5,15.1,11.7,0.3
21/09/2019,Brisbane,QLD,94578,15.6,25.4,20.8,0.5
21/09/2019,Canberra,ACT,94926,10.4,18.7,12.9,3.8
21/09/2019,Darwin,NT,94120,21.5,33.1,26.7,0
21/09/2019,Hobart,TAS,94975,11.2,21.4,12.5,0
21/09/2019,Melbourne,VIC,94866,16,18.9,11.2,0
21/09/2019,Perth,WA,94610,5.5,19.4,11.9,0
21/09/2019,Sydney,NSW,94767,17.8,24.1,20.3,0
22/09/2019,Adelaide,SA,94672,8,15.3,12.8,1
22/09/2019,Brisbane,QLD,94578,17.7,26,20.4,0
22/09/2019,Canberra,ACT,94926,4,17.2,8.4,0
22/09/2019,Darwin,NT,94120,23.5,33.1,27.6,0
22/09/2019,Hobart,TAS,94975,5.7,15,9.3,0
22/09/2019,Melbourne,VIC,94866,4.1,15.4,10.7,3
22/09/2019,Perth,WA,94610,6.2,20.7,14.1,0
22/09/2019,Sydney,NSW,94767,17.4,23.4,17.6,0.2
23/09/2019,Adelaide,SA,94672,9.7,15.1,11.4,0.3
23/09/2019,Brisbane,QLD,94578,15.4,26.5,20.9,0
23/09/2019,Canberra,ACT,94926,0.5,13.6,5.6,0.3
23/09/2019,Darwin,NT,94120,24,34.4,28.3,0
23/09/2019,Hobart,TAS,94975,5,14.2,10.6,0
23/09/2019,Melbourne,VIC,94866,7.3,15.9,9.2,1
23/09/2019,Perth,WA,94610,7.4,26,19.1,0
23/09/2019,Sydney,NSW,94767,12.1,22,14.9,0
24/09/2019,Adelaide,SA,94672,6,15.6,10.7,0
24/09/2019,Brisbane,QLD,94578,17,23.3,20.1,0
24/09/2019,Canberra,ACT,94926,-2.9,16.9,7.7,0
24/09/2019,Darwin,NT,94120,24.8,32.2,27.8,0
24/09/2019,Hobart,TAS,94975,8.3,16.5,10.7,0
24/09/2019,Melbourne,VIC,94866,4.1,14.9,10.4,2.4
24/09/2019,Perth,WA,94610,14,29.1,17.6,0
24/09/2019,Sydney,NSW,94767,9.4,22.1,15.9,0
25/09/2019,Adelaide,SA,94672,5.2,16.3,13.2,0
25/09/2019,Brisbane,QLD,94578,16.5,24.7,21.1,0
25/09/2019,Canberra,ACT,94926,-0.9,17.9,11.3,0
25/09/2019,Darwin,NT,94120,24.8,32.4,28,0
25/09/2019,Hobart,TAS,94975,5.3,13.4,11.1,0.2
25/09/2019,Melbourne,VIC,94866,4.6,16.5,10.6,0
25/09/2019,Perth,WA,94610,7.1,23.3,16.1,0
25/09/2019,Sydney,NSW,94767,10.5,20.2,16.8,0
26/09/2019,Adelaide,SA,94672,8.5,24.3,18.2,0
26/09/2019,Brisbane,QLD,94578,19,24.5,19.9,0
26/09/2019,Canberra,ACT,94926,5.6,18.2,9.8,0
26/09/2019,Darwin,NT,94120,22.7,35.3,28.1,0
26/09/2019,Hobart,TAS,94975,8.4,19.4,14.1,0
26/09/2019,Melbourne,VIC,94866,4.8,20.5,13.9,0
26/09/2019,Perth,WA,94610,10.2,22.8,16.3,0
26/09/2019,Sydney,NSW,94767,13.4,22.1,18.3,0
27/09/2019,Adelaide,SA,94672,8.5,17.6,11.6,0
27/09/2019,Brisbane,QLD,94578,14.9,25.1,21.3,0
27/09/2019,Canberra,ACT,94926,0.7,20.6,12.9,0
27/09/2019,Darwin,NT,94120,23.4,32.1,27.6,0
27/09/2019,Hobart,TAS,94975,9.2,19.5,9.8,0
27/09/2019,Melbourne,VIC,94866,10.1,19.4,9.6,0
27/09/2019,Perth,WA,94610,7.6,23.1,16.2,0
27/09/2019,Sydney,NSW,94767,14.4,27.7,20.6,0
28/09/2019,Adelaide,SA,94672,4,15.1,11.3,0
28/09/2019,Brisbane,QLD,94578,17,26,20.8,0
28/09/2019,Canberra,ACT,94926,4.8,18.1,10.1,0
28/09/2019,Darwin,NT,94120,23.4,32,27.5,0
28/09/2019,Hobart,TAS,94975,2.7,16.8,11.8,0.2
28/09/2019,Melbourne,VIC,94866,4.5,14.6,9.6,0.4
28/09/2019,Perth,WA,94610,9.8,23.7,17.4,0
28/09/2019,Sydney,NSW,94767,15.1,19,15.6,0
29/09/2019,Adelaide,SA,94672,7,17.6,12.9,0
29/09/2019,Brisbane,QLD,94578,16.5,24.3,20.6,0
29/09/2019,Canberra,ACT,94926,2.2,20.2,11.7,0
29/09/2019,Darwin,NT,94120,23,33,27.8,0
29/09/2019,Hobart,TAS,94975,8.9,15,10,0.6
29/09/2019,Melbourne,VIC,94866,5,15.3,10.3,0
29/09/2019,Perth,WA,94610,10.6,30.8,20.3,0
29/09/2019,Sydney,NSW,94767,11.6,22.3,17.2,0
30/09/2019,Adelaide,SA,94672,9.2,19.8,15.6,0
30/09/2019,Brisbane,QLD,94578,17.5,25.1,21.1,35.3
30/09/2019,Canberra,ACT,94926,3.6,19.6,11.8,0
30/09/2019,Darwin,NT,94120,23.1,32.9,27.7,0
30/09/2019,Hobart,TAS,94975,6.7,14.8,8.6,0
30/09/2019,Melbourne,VIC,94866,5.5,14.7,8.1,0
30/09/2019,Perth,WA,94610,12.8,24,17.9,0
30/09/2019,Sydney,NSW,94767,13.4,18.1,15.4,1.8
1/10/2019,Adelaide,SA,94672,11.1,27.9,23.6,0
1/10/2019,Brisbane,QLD,94578,17,22.1,18.6,0.5
1/10/2019,Canberra,ACT,94926,6.1,21.1,11.8,0
1/10/2019,Darwin,NT,94120,23.4,33.8,28.5,0
1/10/2019,Hobart,TAS,94975,1.9,16.1,10.1,0.2
1/10/2019,Melbourne,VIC,94866,1,22.6,14.6,0
1/10/2019,Perth,WA,94610,9.7,23,15.6,0.6
1/10/2019,Sydney,NSW,94767,12.8,21.3,17,1
2/10/2019,Adelaide,SA,94672,13.7,26.6,17.1,0
2/10/2019,Brisbane,QLD,94578,16,23.1,18.6,0
2/10/2019,Canberra,ACT,94926,1.8,24.7,15.1,0
2/10/2019,Darwin,NT,94120,23.1,34.1,28.3,0
2/10/2019,Hobart,TAS,94975,3.9,19.1,13.8,0
2/10/2019,Melbourne,VIC,94866,6.6,26.4,20.8,0
2/10/2019,Perth,WA,94610,6.3,24.3,16.4,0
2/10/2019,Sydney,NSW,94767,12.3,25.6,19.9,0
3/10/2019,Adelaide,SA,94672,12.3,17,15.1,0
3/10/2019,Brisbane,QLD,94578,11.6,23.5,18.4,0
3/10/2019,Canberra,ACT,94926,4.2,28,16.8,0
3/10/2019,Darwin,NT,94120,24,34.2,28.6,0
3/10/2019,Hobart,TAS,94975,8.2,28.9,18.2,0
3/10/2019,Melbourne,VIC,94866,15.3,28.9,16.9,0
3/10/2019,Perth,WA,94610,7.9,26.7,20.6,0
3/10/2019,Sydney,NSW,94767,13.5,31.1,23.6,0
4/10/2019,Adelaide,SA,94672,12.2,31.9,23.2,0
4/10/2019,Brisbane,QLD,94578,12.5,24.4,19.3,0
4/10/2019,Canberra,ACT,94926,5.7,28.1,18.4,4.1
4/10/2019,Darwin,NT,94120,23.6,34.4,28.6,0
4/10/2019,Hobart,TAS,94975,10.7,15.2,8.4,0
4/10/2019,Melbourne,VIC,94866,10.2,15.7,10.7,0
4/10/2019,Perth,WA,94610,15.2,22.1,16.6,0.8
4/10/2019,Sydney,NSW,94767,16.8,34.7,19.8,0
5/10/2019,Adelaide,SA,94672,14.8,34.2,23.6,0
5/10/2019,Brisbane,QLD,94578,13.5,26,20.6,0
5/10/2019,Canberra,ACT,94926,12.3,19.2,14.2,0
5/10/2019,Darwin,NT,94120,24,34.2,28.4,0
5/10/2019,Hobart,TAS,94975,2.8,16.2,12.5,0
5/10/2019,Melbourne,VIC,94866,7.2,23.3,19.3,2.6
5/10/2019,Perth,WA,94610,13.2,20.9,15.4,7.4
5/10/2019,Sydney,NSW,94767,14.8,18.9,17.3,13.2
6/10/2019,Adelaide,SA,94672,13.8,21.3,14.7,0
6/10/2019,Brisbane,QLD,94578,17,25.1,20.6,0
6/10/2019,Canberra,ACT,94926,11.5,30.4,20.9,0
6/10/2019,Darwin,NT,94120,23.1,33.9,28,0
6/10/2019,Hobart,TAS,94975,9.4,19.8,12.4,0
6/10/2019,Melbourne,VIC,94866,11.8,24.4,15.9,0
6/10/2019,Perth,WA,94610,10.3,22.2,15.4,0
6/10/2019,Sydney,NSW,94767,14.8,23.6,19.9,0.6
7/10/2019,Adelaide,SA,94672,12.5,16.1,13.2,1
7/10/2019,Brisbane,QLD,94578,15.5,26.6,22.5,0
7/10/2019,Canberra,ACT,94926,8.6,23.7,15.8,0
7/10/2019,Darwin,NT,94120,24.3,33.3,28.6,0
7/10/2019,Hobart,TAS,94975,7.8,16.2,12.1,10.2
7/10/2019,Melbourne,VIC,94866,10.2,16.8,12.5,0
7/10/2019,Perth,WA,94610,11.1,25.4,18.6,0
7/10/2019,Sydney,NSW,94767,17.1,22.6,19.1,0
8/10/2019,Adelaide,SA,94672,9.3,16.9,12.6,0
8/10/2019,Brisbane,QLD,94578,19.7,27.7,22.5,0
8/10/2019,Canberra,ACT,94926,5.3,18.7,8.2,11.2
8/10/2019,Darwin,NT,94120,23.6,33.1,28.3,0
8/10/2019,Hobart,TAS,94975,8.5,13.1,9.7,0.2
8/10/2019,Melbourne,VIC,94866,7.8,13.3,8.9,1.4
8/10/2019,Perth,WA,94610,13.1,31,21.3,0
8/10/2019,Sydney,NSW,94767,16.2,23.3,14.7,0
9/10/2019,Adelaide,SA,94672,9.9,17.3,11.8,0
9/10/2019,Brisbane,QLD,94578,17,26.1,18.9,0
9/10/2019,Canberra,ACT,94926,1.7,16.3,8.9,0
9/10/2019,Darwin,NT,94120,24.1,33.5,28.6,0
9/10/2019,Hobart,TAS,94975,6.2,14.3,10.7,0
9/10/2019,Melbourne,VIC,94866,5.9,15.1,10.3,4.4
9/10/2019,Perth,WA,94610,10,29.9,19.7,0
9/10/2019,Sydney,NSW,94767,10.2,17.6,15.5,0.8
10/10/2019,Adelaide,SA,94672,5.9,19.2,14.1,0
10/10/2019,Brisbane,QLD,94578,16,22.6,18.1,0
10/10/2019,Canberra,ACT,94926,1,19.2,12.7,0
10/10/2019,Darwin,NT,94120,25.3,34,29,0
10/10/2019,Hobart,TAS,94975,6.9,14.3,10.4,0
10/10/2019,Melbourne,VIC,94866,7.9,14.6,10.8,1.8
10/10/2019,Perth,WA,94610,11.6,24.1,17.4,0
10/10/2019,Sydney,NSW,94767,12.4,18.9,15.9,0.6
11/10/2019,Adelaide,SA,94672,7.7,21.5,15.4,0
11/10/2019,Brisbane,QLD,94578,13,22.2,17.1,30.5
11/10/2019,Canberra,ACT,94926,7.5,17.1,10.7,0
11/10/2019,Darwin,NT,94120,23.6,34.5,28.8,0
11/10/2019,Hobart,TAS,94975,8.3,14,8.6,0
11/10/2019,Melbourne,VIC,94866,7.6,19.3,11.9,0.4
11/10/2019,Perth,WA,94610,11.1,21.2,16.7,0
11/10/2019,Sydney,NSW,94767,12.4,19,15.4,0
12/10/2019,Adelaide,SA,94672,8.2,25.1,20.9,0
12/10/2019,Brisbane,QLD,94578,12.3,19,15.1,5.8
12/10/2019,Canberra,ACT,94926,7.3,15.9,9.8,0
12/10/2019,Darwin,NT,94120,24.5,34.8,29.4,0
12/10/2019,Hobart,TAS,94975,4.4,14.3,8.1,0
12/10/2019,Melbourne,VIC,94866,6.3,19.6,13.4,9.4
12/10/2019,Perth,WA,94610,13.6,22.3,14.6,2.8
12/10/2019,Sydney,NSW,94767,12,19.2,14.6,10.8
13/10/2019,Adelaide,SA,94672,15.2,23.6,16.9,2
13/10/2019,Brisbane,QLD,94578,11.2,23,18.5,0.3
13/10/2019,Canberra,ACT,94926,1.8,19.8,12.4,0
13/10/2019,Darwin,NT,94120,24.3,33.8,29,0
13/10/2019,Hobart,TAS,94975,2.3,16.6,11.9,0.2
13/10/2019,Melbourne,VIC,94866,6.2,22.3,17.1,0
13/10/2019,Perth,WA,94610,6.9,21.3,16.9,0
13/10/2019,Sydney,NSW,94767,11,19.9,15.8,3
14/10/2019,Adelaide,SA,94672,11.1,17.6,13.2,0
14/10/2019,Brisbane,QLD,94578,13.7,24.3,21,0.8
14/10/2019,Canberra,ACT,94926,4.3,22.7,14.6,0
14/10/2019,Darwin,NT,94120,21.8,35.8,29.1,0
14/10/2019,Hobart,TAS,94975,7.6,24.1,14.6,0
14/10/2019,Melbourne,VIC,94866,12.5,25.6,15.7,0.6
14/10/2019,Perth,WA,94610,13.2,21.3,14.6,0.6
14/10/2019,Sydney,NSW,94767,12.5,23.6,19.1,0
15/10/2019,Adelaide,SA,94672,7.4,17.1,14.5,5.1
15/10/2019,Brisbane,QLD,94578,19,24.4,21.9,0
15/10/2019,Canberra,ACT,94926,6.6,28,18.9,0
15/10/2019,Darwin,NT,94120,22.2,35.1,28.7,0
15/10/2019,Hobart,TAS,94975,7.7,13.3,8.4,1.2
15/10/2019,Melbourne,VIC,94866,10.7,18.4,13.8,0.2
15/10/2019,Perth,WA,94610,5.4,20.7,13.4,0
15/10/2019,Sydney,NSW,94767,14.9,26.1,20.8,0
16/10/2019,Adelaide,SA,94672,10,17.4,13.9,5.1
16/10/2019,Brisbane,QLD,94578,17.5,26.8,22.6,0
16/10/2019,Canberra,ACT,94926,7.8,23.5,16.3,4.8
16/10/2019,Darwin,NT,94120,23.6,32.5,28.5,0
16/10/2019,Hobart,TAS,94975,4.1,16.8,10.4,9.4
16/10/2019,Melbourne,VIC,94866,10.9,19.8,12.7,0
16/10/2019,Perth,WA,94610,4.5,22,14.6,0
16/10/2019,Sydney,NSW,94767,17.3,25.8,20.4,0
17/10/2019,Adelaide,SA,94672,9.2,16.5,12.3,0
17/10/2019,Brisbane,QLD,94578,18.6,27.4,22.5,5.8
17/10/2019,Canberra,ACT,94926,8.8,16.1,10.6,0
17/10/2019,Darwin,NT,94120,23.2,34.4,29.1,0
17/10/2019,Hobart,TAS,94975,5.5,15.9,11.1,1.4
17/10/2019,Melbourne,VIC,94866,7.3,15,10.1,8
17/10/2019,Perth,WA,94610,5.9,23.6,16.4,0
17/10/2019,Sydney,NSW,94767,16.8,29.7,19.6,0
18/10/2019,Adelaide,SA,94672,8.2,19.5,14.8,0.5
18/10/2019,Brisbane,QLD,94578,18.9,25.4,21.7,0
18/10/2019,Canberra,ACT,94926,5.8,21,15.3,0
18/10/2019,Darwin,NT,94120,23.5,36.4,29.2,0
18/10/2019,Hobart,TAS,94975,6.9,19.8,10.9,0
18/10/2019,Melbourne,VIC,94866,3.8,21.3,13.5,0.2
18/10/2019,Perth,WA,94610,9.3,25.8,18.7,0
18/10/2019,Sydney,NSW,94767,13.5,25,18.8,0
19/10/2019,Adelaide,SA,94672,9.8,16.9,12.3,0.3
19/10/2019,Brisbane,QLD,94578,18.9,24,20.6,6.1
19/10/2019,Canberra,ACT,94926,9.3,19.2,10.4,0
19/10/2019,Darwin,NT,94120,24.6,36,30,0
19/10/2019,Hobart,TAS,94975,6,14.7,11.2,2
19/10/2019,Melbourne,VIC,94866,6.3,15.7,10.2,0.2
19/10/2019,Perth,WA,94610,12.2,32.5,22.9,0
19/10/2019,Sydney,NSW,94767,12.4,30,19.8,0
20/10/2019,Adelaide,SA,94672,7.1,17.5,12.8,0
20/10/2019,Brisbane,QLD,94578,15.1,25.6,21.3,0
20/10/2019,Canberra,ACT,94926,-0.2,20.9,12.4,0
20/10/2019,Darwin,NT,94120,24,35.2,29.9,0
20/10/2019,Hobart,TAS,94975,8.2,19.5,14.3,0.2
20/10/2019,Melbourne,VIC,94866,6.5,16.7,12.5,0.6
20/10/2019,Perth,WA,94610,14.7,25.2,18.8,0
20/10/2019,Sydney,NSW,94767,12.5,21.5,16.9,0
21/10/2019,Adelaide,SA,94672,7.3,21.7,16.7,0
21/10/2019,Brisbane,QLD,94578,18,23.6,19.7,0
21/10/2019,Canberra,ACT,94926,3.1,26.5,16,0
21/10/2019,Darwin,NT,94120,24.9,38.2,30.5,0
21/10/2019,Hobart,TAS,94975,10.9,21.1,12.5,0
21/10/2019,Melbourne,VIC,94866,9.6,17.3,12.8,0
21/10/2019,Perth,WA,94610,9.8,23.9,17.1,0
21/10/2019,Sydney,NSW,94767,12.1,23.8,18.6,0
22/10/2019,Adelaide,SA,94672,9.3,28.5,21.1,0
22/10/2019,Brisbane,QLD,94578,14,23.9,19.8,0
22/10/2019,Canberra,ACT,94926,5.8,28.5,16.8,0
22/10/2019,Darwin,NT,94120,24.8,35,29.3,0
22/10/2019,Hobart,TAS,94975,4.3,19.7,14.4,0
22/10/2019,Melbourne,VIC,94866,9.3,22.5,14.2,0
22/10/2019,Perth,WA,94610,8.7,26,19.4,0
22/10/2019,Sydney,NSW,94767,13.7,25.1,20.4,0
23/10/2019,Adelaide,SA,94672,13.4,33,24.4,0
23/10/2019,Brisbane,QLD,94578,15.8,24.5,19.8,0
23/10/2019,Canberra,ACT,94926,5.8,29.2,19.1,0
23/10/2019,Darwin,NT,94120,25.2,35.6,29.6,0
23/10/2019,Hobart,TAS,94975,9.2,23,14.2,0
23/10/2019,Melbourne,VIC,94866,5.4,28.9,20.7,0
23/10/2019,Perth,WA,94610,11.1,23.5,17.3,0
23/10/2019,Sydney,NSW,94767,16.6,26.5,21.3,0
24/10/2019,Adelaide,SA,94672,15.9,36.1,25.1,0
24/10/2019,Brisbane,QLD,94578,14.5,25.8,20.6,0
24/10/2019,Canberra,ACT,94926,6.8,31.2,20.1,0
24/10/2019,Darwin,NT,94120,25.3,35.5,29.5,0
24/10/2019,Hobart,TAS,94975,8.5,28.7,22.2,0
24/10/2019,Melbourne,VIC,94866,11.4,33.5,26.2,0
24/10/2019,Perth,WA,94610,10.5,21.3,15.5,2.2
24/10/2019,Sydney,NSW,94767,17.8,28.1,22.5,0
25/10/2019,Adelaide,SA,94672,13.8,20.4,15.4,1
25/10/2019,Brisbane,QLD,94578,14.6,25.8,21.3,0
25/10/2019,Canberra,ACT,94926,9.1,31.1,19.7,7.6
25/10/2019,Darwin,NT,94120,26.7,33.1,28.8,0
25/10/2019,Hobart,TAS,94975,14.8,28,15.6,0
25/10/2019,Melbourne,VIC,94866,15.9,23.5,15.4,0
25/10/2019,Perth,WA,94610,9.6,24.3,17.4,0
25/10/2019,Sydney,NSW,94767,18.1,38.2,28.8,0
26/10/2019,Adelaide,SA,94672,12.2,17.5,15,0
26/10/2019,Brisbane,QLD,94578,15.5,26.2,22.2,0
26/10/2019,Canberra,ACT,94926,11.5,18.2,11.9,0
26/10/2019,Darwin,NT,94120,26.8,34.2,29.3,0
26/10/2019,Hobart,TAS,94975,8.7,15.3,10.1,0
26/10/2019,Melbourne,VIC,94866,8.7,16,11.2,0.2
26/10/2019,Perth,WA,94610,9,30.6,22.4,0
26/10/2019,Sydney,NSW,94767,22.9,32.5,22.7,0
27/10/2019,Adelaide,SA,94672,12.4,19,13.9,0
27/10/2019,Brisbane,QLD,94578,18.4,26.4,22.5,0
27/10/2019,Canberra,ACT,94926,4.6,20.5,12.6,0
27/10/2019,Darwin,NT,94120,24.7,31.2,27.1,0
27/10/2019,Hobart,TAS,94975,4.7,17.2,11.3,1.2
27/10/2019,Melbourne,VIC,94866,6.8,17.3,11.4,2.6
27/10/2019,Perth,WA,94610,14.6,37.3,25.4,0
27/10/2019,Sydney,NSW,94767,14.2,22.5,18.3,0
28/10/2019,Adelaide,SA,94672,7.9,22.7,17.2,0
28/10/2019,Brisbane,QLD,94578,19,26,21.9,0
28/10/2019,Canberra,ACT,94926,3.7,22.7,15.1,0
28/10/2019,Darwin,NT,94120,24.4,32.7,28,1.4
28/10/2019,Hobart,TAS,94975,4.8,20.6,15,0.6
28/10/2019,Melbourne,VIC,94866,5.6,22.9,15.4,0.6
28/10/2019,Perth,WA,94610,13.7,24.5,19.1,0
28/10/2019,Sydney,NSW,94767,13.8,22.3,18.3,0
29/10/2019,Adelaide,SA,94672,11.4,31.6,23.1,0
29/10/2019,Brisbane,QLD,94578,19,24.9,20.6,0
29/10/2019,Canberra,ACT,94926,5.6,27.4,17.8,0
29/10/2019,Darwin,NT,94120,24.1,34.5,28.2,0.4
29/10/2019,Hobart,TAS,94975,11.5,28,16.7,0
29/10/2019,Melbourne,VIC,94866,6.5,30.1,21.1,0
29/10/2019,Perth,WA,94610,13.9,27.8,18.7,0
29/10/2019,Sydney,NSW,94767,14.5,26.8,21.3,0
30/10/2019,Adelaide,SA,94672,13.9,34.6,28.8,0
30/10/2019,Brisbane,QLD,94578,15.5,23.5,20.4,0
30/10/2019,Canberra,ACT,94926,9.1,29.3,19.3,0
30/10/2019,Darwin,NT,94120,24.4,32.9,28.3,18.4
30/10/2019,Hobart,TAS,94975,9.8,18.6,12.8,0
30/10/2019,Melbourne,VIC,94866,10.2,28.3,22.1,0
30/10/2019,Perth,WA,94610,12.1,23.4,17.4,0
30/10/2019,Sydney,NSW,94767,17.2,29.2,21.8,0
31/10/2019,Adelaide,SA,94672,22.9,34.7,29.7,0
31/10/2019,Brisbane,QLD,94578,15.6,25.6,21.9,0
31/10/2019,Canberra,ACT,94926,7,31.7,22.1,0
31/10/2019,Darwin,NT,94120,25.4,33.8,29.2,0
31/10/2019,Hobart,TAS,94975,5.9,27.2,21.3,0
31/10/2019,Melbourne,VIC,94866,13.2,33.6,25.8,0
31/10/2019,Perth,WA,94610,11.2,17.9,13.9,9
31/10/2019,Sydney,NSW,94767,17.4,28,22.2,0
1/11/2019,Adelaide,SA,94672,16.1,30.4,19.3,13
1/11/2019,Brisbane,QLD,94578,19,22.5,21.1,9.4
1/11/2019,Canberra,ACT,94926,10.4,32.5,23.4,0
1/11/2019,Darwin,NT,94120,23.7,32.1,28.1,22.4
1/11/2019,Hobart,TAS,94975,15,32.9,21.1,0
1/11/2019,Melbourne,VIC,94866,19.1,34.2,24.3,0
1/11/2019,Perth,WA,94610,11,19.5,14.7,0
1/11/2019,Sydney,NSW,94767,18.2,27.5,22.2,0
2/11/2019,Adelaide,SA,94672,16.1,23.1,17.4,0
2/11/2019,Brisbane,QLD,94578,18.9,26.1,22.3,0
2/11/2019,Canberra,ACT,94926,13.9,31.3,23.3,0
2/11/2019,Darwin,NT,94120,26.7,33.4,28.8,0
2/11/2019,Hobart,TAS,94975,14.5,21.7,13.9,1
2/11/2019,Melbourne,VIC,94866,14.8,18.2,15.9,5.8
2/11/2019,Perth,WA,94610,10.7,20.9,15.2,14.4
2/11/2019,Sydney,NSW,94767,18,27.9,21.9,0
3/11/2019,Adelaide,SA,94672,14.7,18.5,15.6,0.8
3/11/2019,Brisbane,QLD,94578,19.9,26.7,22.9,0
3/11/2019,Canberra,ACT,94926,13.6,25.8,16.1,12.4
3/11/2019,Darwin,NT,94120,26.2,34.1,29.4,1
3/11/2019,Hobart,TAS,94975,7.5,20.2,13.2,15.2
3/11/2019,Melbourne,VIC,94866,11.3,20.4,13.2,8
3/11/2019,Perth,WA,94610,10.4,22,15.2,0
3/11/2019,Sydney,NSW,94767,17.1,32.9,21.8,0
4/11/2019,Adelaide,SA,94672,13.3,18.4,14.9,0
4/11/2019,Brisbane,QLD,94578,20.4,29,24.1,0
4/11/2019,Canberra,ACT,94926,12,22.6,14.4,0.3
4/11/2019,Darwin,NT,94120,27.4,32.7,29,0
4/11/2019,Hobart,TAS,94975,8.3,17.4,11.2,2.2
4/11/2019,Melbourne,VIC,94866,7.1,16.3,9.6,3.6
4/11/2019,Perth,WA,94610,7.2,27.1,17.6,0
4/11/2019,Sydney,NSW,94767,16.2,24.4,19.5,16
5/11/2019,Adelaide,SA,94672,12.2,22.4,16.9,0
5/11/2019,Brisbane,QLD,94578,16,29.3,21.1,0
5/11/2019,Canberra,ACT,94926,8.7,19,13.4,0
5/11/2019,Darwin,NT,94120,21.8,31.1,26.4,48.6
5/11/2019,Hobart,TAS,94975,4.9,18.2,14.2,0
5/11/2019,Melbourne,VIC,94866,4.6,19.7,15.1,6.4
5/11/2019,Perth,WA,94610,6.5,26,18.3,0
5/11/2019,Sydney,NSW,94767,14.9,19.1,15.8,0.2
6/11/2019,Adelaide,SA,94672,13.4,20.4,16.1,0.3
6/11/2019,Brisbane,QLD,94578,12.7,27,20.8,0
6/11/2019,Canberra,ACT,94926,7.2,23.7,18.3,0
6/11/2019,Darwin,NT,94120,23,36.1,28.7,6.2
6/11/2019,Hobart,TAS,94975,10.5,20,11.5,0
6/11/2019,Melbourne,VIC,94866,10.7,24,15.9,0
6/11/2019,Perth,WA,94610,10.8,25.7,19.4,0
6/11/2019,Sydney,NSW,94767,12.1,30.5,24.2,0
7/11/2019,Adelaide,SA,94672,14,19.6,15.6,3
7/11/2019,Brisbane,QLD,94578,14.2,30.9,25,0
7/11/2019,Canberra,ACT,94926,11.3,20.2,16.2,0
7/11/2019,Darwin,NT,94120,26.1,34.1,29.9,0.4
7/11/2019,Hobart,TAS,94975,6.7,12.6,9.2,0.6
7/11/2019,Melbourne,VIC,94866,10.2,19.8,14,0
7/11/2019,Perth,WA,94610,14.3,28.1,21.4,0
7/11/2019,Sydney,NSW,94767,18.4,30.8,24.2,0
8/11/2019,Adelaide,SA,94672,11.4,17.4,13.7,0.5
8/11/2019,Brisbane,QLD,94578,14.3,30.8,25.4,0
8/11/2019,Canberra,ACT,94926,7.7,18.8,9.8,0
8/11/2019,Darwin,NT,94120,25.8,33.6,29.8,0
8/11/2019,Hobart,TAS,94975,5.5,12.4,8,3.2
8/11/2019,Melbourne,VIC,94866,8.7,14.6,8.9,2.8
8/11/2019,Perth,WA,94610,14.5,32.4,25.2,0
8/11/2019,Sydney,NSW,94767,18.5,32.1,20.5,0
9/11/2019,Adelaide,SA,94672,10.6,17.9,15.1,0
9/11/2019,Brisbane,QLD,94578,17.6,26.2,20.8,0
9/11/2019,Canberra,ACT,94926,1.6,16.1,11.9,0
9/11/2019,Darwin,NT,94120,26.5,34.7,30.6,0
9/11/2019,Hobart,TAS,94975,4.1,14.4,11.4,2.2
9/11/2019,Melbourne,VIC,94866,5.3,14.3,11.9,3
9/11/2019,Perth,WA,94610,20.1,40,26.8,0
9/11/2019,Sydney,NSW,94767,11.9,19.9,16.9,0
10/11/2019,Adelaide,SA,94672,13,21.2,17.3,0
10/11/2019,Brisbane,QLD,94578,13.5,28.2,22.6,0
10/11/2019,Canberra,ACT,94926,8.9,19.5,13,0
10/11/2019,Darwin,NT,94120,25.3,35.2,30.4,0
10/11/2019,Hobart,TAS,94975,8.4,19.2,13.9,0.6
10/11/2019,Melbourne,VIC,94866,9.7,17.9,13.8,0.2
10/11/2019,Perth,WA,94610,18,24.5,19.7,0
10/11/2019,Sydney,NSW,94767,14.6,23.9,19.3,0
11/11/2019,Adelaide,SA,94672,12.4,32.5,21.7,0
11/11/2019,Brisbane,QLD,94578,17.7,26,22.3,0
11/11/2019,Canberra,ACT,94926,3.7,26.4,18.4,0
11/11/2019,Darwin,NT,94120,25.6,35.8,30.6,0
11/11/2019,Hobart,TAS,94975,10.8,26.1,17.2,0
11/11/2019,Melbourne,VIC,94866,7.2,29.5,21.5,0
11/11/2019,Perth,WA,94610,14.2,30.1,21.7,0
11/11/2019,Sydney,NSW,94767,15.6,27.8,21.8,0
12/11/2019,Adelaide,SA,94672,13.7,18,14.9,0
12/11/2019,Brisbane,QLD,94578,17.4,27,24.8,0
12/11/2019,Canberra,ACT,94926,5.8,26.6,16.4,0
12/11/2019,Darwin,NT,94120,25.3,34.9,30.2,0
12/11/2019,Hobart,TAS,94975,8.7,15.3,10.4,1.8
12/11/2019,Melbourne,VIC,94866,11,17.3,10.6,0
12/11/2019,Perth,WA,94610,13.4,30.5,23.3,0
12/11/2019,Sydney,NSW,94767,15.5,37.9,23.8,0
13/11/2019,Adelaide,SA,94672,13.4,18.8,15.9,0
13/11/2019,Brisbane,QLD,94578,21,32.8,23.4,0
13/11/2019,Canberra,ACT,94926,6.7,20.8,14.5,0
13/11/2019,Darwin,NT,94120,27.6,34.8,30.2,0
13/11/2019,Hobart,TAS,94975,7.3,17.1,13.2,0.2
13/11/2019,Melbourne,VIC,94866,6.2,17.1,13.6,2.4
13/11/2019,Perth,WA,94610,15.9,36.2,27.2,0
13/11/2019,Sydney,NSW,94767,13.7,22.2,19.1,0
14/11/2019,Adelaide,SA,94672,13.1,18.6,16.2,0
14/11/2019,Brisbane,QLD,94578,20,28.1,23.7,0
14/11/2019,Canberra,ACT,94926,7.1,23.1,17.7,0
14/11/2019,Darwin,NT,94120,27.4,34.5,29.5,0
14/11/2019,Hobart,TAS,94975,10.7,20.6,15.4,1.2
14/11/2019,Melbourne,VIC,94866,10.7,22.3,16.1,0
14/11/2019,Perth,WA,94610,18.2,39.2,30,0
14/11/2019,Sydney,NSW,94767,15.8,26.1,21.1,0
15/11/2019,Adelaide,SA,94672,12.7,18.6,14.2,0
15/11/2019,Brisbane,QLD,94578,21,29.3,24.5,0
15/11/2019,Canberra,ACT,94926,12.6,25.7,17.8,0
15/11/2019,Darwin,NT,94120,25.1,34.6,29.6,5.2
15/11/2019,Hobart,TAS,94975,12,17.6,11.1,0
15/11/2019,Melbourne,VIC,94866,10.9,19.5,12.3,0
15/11/2019,Perth,WA,94610,19.6,38.5,28.7,0
15/11/2019,Sydney,NSW,94767,16.5,33.8,24.2,0
16/11/2019,Adelaide,SA,94672,7.6,18.8,13.9,0
16/11/2019,Brisbane,QLD,94578,19.1,31,25.1,0
16/11/2019,Canberra,ACT,94926,8.4,25.7,16.6,0
16/11/2019,Darwin,NT,94120,25.8,34.7,30,0
16/11/2019,Hobart,TAS,94975,7.9,15.4,10.6,0.4
16/11/2019,Melbourne,VIC,94866,6.2,18.6,13.1,0.4
16/11/2019,Perth,WA,94610,18.9,41.1,25.8,0
16/11/2019,Sydney,NSW,94767,17.2,22.9,19.4,0
17/11/2019,Adelaide,SA,94672,8.3,18.3,15.6,0
17/11/2019,Brisbane,QLD,94578,21,28.4,23.2,13.7
17/11/2019,Canberra,ACT,94926,9.6,25.1,15.1,0
17/11/2019,Darwin,NT,94120,26.7,34.7,30,0
17/11/2019,Hobart,TAS,94975,6.2,17.2,13.3,0.4
17/11/2019,Melbourne,VIC,94866,7.8,17.2,11.8,0
17/11/2019,Perth,WA,94610,15.6,29.1,22.4,0
17/11/2019,Sydney,NSW,94767,17.2,22.3,18.9,0.2
18/11/2019,Adelaide,SA,94672,9.7,31.6,23,0
18/11/2019,Brisbane,QLD,94578,20,25,22.1,0
18/11/2019,Canberra,ACT,94926,6.8,27,19.2,0
18/11/2019,Darwin,NT,94120,26,33.9,30,0
18/11/2019,Hobart,TAS,94975,10.5,20.2,15,0
18/11/2019,Melbourne,VIC,94866,5.4,28.4,17.9,0
18/11/2019,Perth,WA,94610,15.5,33.6,24.2,0
18/11/2019,Sydney,NSW,94767,16,27.2,21.9,0
19/11/2019,Adelaide,SA,94672,13.5,25.3,24.2,0
19/11/2019,Brisbane,QLD,94578,19.2,28.5,23.9,0
19/11/2019,Canberra,ACT,94926,8.4,32.5,20.1,0
19/11/2019,Darwin,NT,94120,25.8,35.7,30.3,0
19/11/2019,Hobart,TAS,94975,9.2,17.6,12.9,0
19/11/2019,Melbourne,VIC,94866,8.1,20.2,14.4,0
19/11/2019,Perth,WA,94610,15.3,26.5,20.1,0
19/11/2019,Sydney,NSW,94767,16,34.9,23.7,0
20/11/2019,Adelaide,SA,94672,20.4,39.6,32.7,0
20/11/2019,Brisbane,QLD,94578,19.9,29.1,25,0.3
20/11/2019,Canberra,ACT,94926,8.4,31.4,21.4,0
20/11/2019,Darwin,NT,94120,25.3,34.6,29,0
20/11/2019,Hobart,TAS,94975,9.2,26.3,19.2,0
20/11/2019,Melbourne,VIC,94866,8.2,35,29,0
20/11/2019,Perth,WA,94610,14.8,21.7,15.8,0.6
20/11/2019,Sydney,NSW,94767,17.3,23.9,20.7,0
21/11/2019,Adelaide,SA,94672,13.7,32.9,15.9,0
21/11/2019,Brisbane,QLD,94578,21.7,27.9,23.4,0
21/11/2019,Canberra,ACT,94926,11.3,39,27.8,0
21/11/2019,Darwin,NT,94120,25.2,34.8,29.9,0.4
21/11/2019,Hobart,TAS,94975,14.3,37.7,17.7,0
21/11/2019,Melbourne,VIC,94866,15,41.6,20,0
21/11/2019,Perth,WA,94610,5.7,24.2,17.3,0
21/11/2019,Sydney,NSW,94767,17.3,29.4,23.3,0
22/11/2019,Adelaide,SA,94672,10.2,20.1,15.6,0
22/11/2019,Brisbane,QLD,94578,20,28.6,23.8,0
22/11/2019,Canberra,ACT,94926,17.2,34.9,23.6,0
22/11/2019,Darwin,NT,94120,26,35.3,30.4,0
22/11/2019,Hobart,TAS,94975,9.2,22.1,16.1,0
22/11/2019,Melbourne,VIC,94866,12,20.7,13.9,0
22/11/2019,Perth,WA,94610,10.1,27.6,20.3,0
22/11/2019,Sydney,NSW,94767,19.8,22,19.6,0
23/11/2019,Adelaide,SA,94672,10.9,21.3,15.8,0
23/11/2019,Brisbane,QLD,94578,20,27,23.8,0
23/11/2019,Canberra,ACT,94926,13,33.1,19.9,0
23/11/2019,Darwin,NT,94120,26.4,36.1,29.9,0
23/11/2019,Hobart,TAS,94975,11.5,20.6,13.9,0
23/11/2019,Melbourne,VIC,94866,7.1,24.2,15.7,0
23/11/2019,Perth,WA,94610,14.6,31.9,23.2,0
23/11/2019,Sydney,NSW,94767,17.9,22.3,20.1,1.4
24/11/2019,Adelaide,SA,94672,9.7,25.6,19.9,0
24/11/2019,Brisbane,QLD,94578,19.5,28.4,23.8,0
24/11/2019,Canberra,ACT,94926,8.1,28.6,19.4,0
24/11/2019,Darwin,NT,94120,22.5,33.8,29.1,0
24/11/2019,Hobart,TAS,94975,9.1,22.5,15.4,0
24/11/2019,Melbourne,VIC,94866,9.9,24.8,16.8,0
24/11/2019,Perth,WA,94610,15.5,30,22.7,0
24/11/2019,Sydney,NSW,94767,18.4,23.4,20.6,0
25/11/2019,Adelaide,SA,94672,14.8,26.7,18.3,0
25/11/2019,Brisbane,QLD,94578,19.8,28.1,24.3,0
25/11/2019,Canberra,ACT,94926,10.7,31.5,23.8,0
25/11/2019,Darwin,NT,94120,26.7,34.8,28.7,0
25/11/2019,Hobart,TAS,94975,10.8,26,16.5,0
25/11/2019,Melbourne,VIC,94866,8.8,29.3,19.4,0
25/11/2019,Perth,WA,94610,17,30.6,21.4,0
25/11/2019,Sydney,NSW,94767,19.2,32.1,24.6,0
26/11/2019,Adelaide,SA,94672,11.8,18,14.3,0
26/11/2019,Brisbane,QLD,94578,21.5,28.8,25,0
26/11/2019,Canberra,ACT,94926,9.2,27.3,12.9,0
26/11/2019,Darwin,NT,94120,23.8,34.8,29,0
26/11/2019,Hobart,TAS,94975,10.4,16.4,12.5,5.4
26/11/2019,Melbourne,VIC,94866,9.8,15,10.1,0.8
26/11/2019,Perth,WA,94610,12.9,34.7,25.1,0
26/11/2019,Sydney,NSW,94767,18.9,37.2,23.1,6.6
27/11/2019,Adelaide,SA,94672,8,24.2,16.8,0
27/11/2019,Brisbane,QLD,94578,22,28.8,23.7,0
27/11/2019,Canberra,ACT,94926,1.6,27.1,17.2,0
27/11/2019,Darwin,NT,94120,25.6,35,30.1,3
27/11/2019,Hobart,TAS,94975,8.3,20.9,15.3,0
27/11/2019,Melbourne,VIC,94866,4.9,25.7,16.2,6.6
27/11/2019,Perth,WA,94610,17.1,34.7,25.4,0
27/11/2019,Sydney,NSW,94767,14,23,19.6,0
28/11/2019,Adelaide,SA,94672,10.5,21.2,17,0
28/11/2019,Brisbane,QLD,94578,21.8,26.7,23.9,0
28/11/2019,Canberra,ACT,94926,5.6,30.3,20.9,0
28/11/2019,Darwin,NT,94120,25.6,35.1,30.4,0
28/11/2019,Hobart,TAS,94975,10.5,20.2,13.7,0.2
28/11/2019,Melbourne,VIC,94866,8.7,23.8,16.3,0
28/11/2019,Perth,WA,94610,16.6,31.3,21.6,0
28/11/2019,Sydney,NSW,94767,15.7,27.8,22.9,0
29/11/2019,Adelaide,SA,94672,11.9,18.9,13.7,2
29/11/2019,Brisbane,QLD,94578,21,29.3,25.1,0
29/11/2019,Canberra,ACT,94926,12.9,33.1,22.9,0
29/11/2019,Darwin,NT,94120,27.2,35.1,31,0
29/11/2019,Hobart,TAS,94975,10.1,16.4,10.3,0
29/11/2019,Melbourne,VIC,94866,11.3,22.8,14.4,0
29/11/2019,Perth,WA,94610,12.6,28.3,20.4,0
29/11/2019,Sydney,NSW,94767,20.5,29.5,23.3,0
30/11/2019,Adelaide,SA,94672,8.9,19.1,15.3,1
30/11/2019,Brisbane,QLD,94578,21.6,28.7,25.2,0
30/11/2019,Canberra,ACT,94926,11.3,23.8,14.8,0
30/11/2019,Darwin,NT,94120,26.8,34.6,30.6,0
30/11/2019,Hobart,TAS,94975,6.1,18.6,12.1,9.8
30/11/2019,Melbourne,VIC,94866,9.4,19.2,13.1,9.6
30/11/2019,Perth,WA,94610,12.8,29.3,21.7,0
30/11/2019,Sydney,NSW,94767,19.3,22.7,19.5,0
1/12/2019,Adelaide,SA,94672,11.6,17.8,15.4,2
1/12/2019,Brisbane,QLD,94578,21.9,28,24.4,16.5
1/12/2019,Canberra,ACT,94926,4.6,21.5,12.3,0.5
1/12/2019,Darwin,NT,94120,29.7,34,30,0
1/12/2019,Hobart,TAS,94975,9.2,18.1,12.6,3.2
1/12/2019,Melbourne,VIC,94866,9.6,17.5,11.9,0.2
1/12/2019,Perth,WA,94610,13.2,33.1,25.2,0
1/12/2019,Sydney,NSW,94767,17,24.1,20.4,0
2/12/2019,Adelaide,SA,94672,12.5,19.7,16.3,0
2/12/2019,Brisbane,QLD,94578,22.2,33.6,27.5,0
2/12/2019,Canberra,ACT,94926,7.4,15.1,11.6,0.5
2/12/2019,Darwin,NT,94120,23.7,34.5,29.3,11.6
2/12/2019,Hobart,TAS,94975,8.8,15.2,10.7,2
2/12/2019,Melbourne,VIC,94866,8.3,16.3,12.3,5
2/12/2019,Perth,WA,94610,19.1,36.1,28.1,0
2/12/2019,Sydney,NSW,94767,16.7,23.6,18.4,0
3/12/2019,Adelaide,SA,94672,14.3,20.6,16.7,0
3/12/2019,Brisbane,QLD,94578,19,31.4,24.4,0
3/12/2019,Canberra,ACT,94926,8.5,20.8,16.4,0
3/12/2019,Darwin,NT,94120,26.3,35.1,30.2,0
3/12/2019,Hobart,TAS,94975,7.6,16.3,9.9,1.2
3/12/2019,Melbourne,VIC,94866,8.8,22.8,16.1,0.6
3/12/2019,Perth,WA,94610,20,40.9,29.5,0
3/12/2019,Sydney,NSW,94767,14.3,28,23.2,0
4/12/2019,Adelaide,SA,94672,14.7,20.5,16.9,0
4/12/2019,Brisbane,QLD,94578,15.7,31.1,24.1,0
4/12/2019,Canberra,ACT,94926,13,24.1,18.1,0
4/12/2019,Darwin,NT,94120,26,35.1,29.8,1.4
4/12/2019,Hobart,TAS,94975,6,16.7,13.3,1.8
4/12/2019,Melbourne,VIC,94866,10.4,23.4,15.5,0
4/12/2019,Perth,WA,94610,17.3,38,30.1,0
4/12/2019,Sydney,NSW,94767,18.8,31,22.2,0
5/12/2019,Adelaide,SA,94672,13.5,21.3,16.8,0
5/12/2019,Brisbane,QLD,94578,16.2,33.4,25.7,0
5/12/2019,Canberra,ACT,94926,11.2,28.2,22.4,0
5/12/2019,Darwin,NT,94120,26.4,36,31.2,3.8
5/12/2019,Hobart,TAS,94975,10.7,19.5,13.9,0
5/12/2019,Melbourne,VIC,94866,8,24.9,16.8,0
5/12/2019,Perth,WA,94610,20.1,40.7,31.9,0
5/12/2019,Sydney,NSW,94767,16.3,33.9,25.1,0
6/12/2019,Adelaide,SA,94672,11.4,21,15.6,0
6/12/2019,Brisbane,QLD,94578,16.8,35.1,26.6,0
6/12/2019,Canberra,ACT,94926,17,28,20.6,0
6/12/2019,Darwin,NT,94120,26.9,36.5,31.4,0
6/12/2019,Hobart,TAS,94975,10.3,17.5,12.2,0
6/12/2019,Melbourne,VIC,94866,11.5,20.9,14.1,0
6/12/2019,Perth,WA,94610,24.2,40.9,27.1,0
6/12/2019,Sydney,NSW,94767,17.4,28.4,22.1,0
7/12/2019,Adelaide,SA,94672,9.3,24.7,18.7,0
7/12/2019,Brisbane,QLD,94578,19.9,32.8,26.2,0
7/12/2019,Canberra,ACT,94926,11.3,29.7,19.9,0
7/12/2019,Darwin,NT,94120,26.7,36.3,31.4,0
7/12/2019,Hobart,TAS,94975,10.1,17.7,13.7,0.6
7/12/2019,Melbourne,VIC,94866,7.4,23.7,15.9,0
7/12/2019,Perth,WA,94610,17.7,27.2,20.7,0
7/12/2019,Sydney,NSW,94767,17.6,26.5,21.9,0
8/12/2019,Adelaide,SA,94672,13,37.6,30.1,0
8/12/2019,Brisbane,QLD,94578,22.6,28.9,25.1,0
8/12/2019,Canberra,ACT,94926,11.1,29.9,20.6,0
8/12/2019,Darwin,NT,94120,25.5,35.9,31,0
8/12/2019,Hobart,TAS,94975,6.9,20,16.3,1
8/12/2019,Melbourne,VIC,94866,12.5,29.4,21.2,0
8/12/2019,Perth,WA,94610,13.4,26,19.9,0.4
8/12/2019,Sydney,NSW,94767,18.8,26.2,22.7,0
9/12/2019,Adelaide,SA,94672,15.9,32.8,17.9,0
9/12/2019,Brisbane,QLD,94578,21.1,29.5,25.7,0
9/12/2019,Canberra,ACT,94926,15.3,34.9,23.7,0
9/12/2019,Darwin,NT,94120,27.1,37.1,31.1,0
9/12/2019,Hobart,TAS,94975,11.4,30.7,18.5,0
9/12/2019,Melbourne,VIC,94866,14.8,39.4,23.3,0
9/12/2019,Perth,WA,94610,12.2,31.4,22.4,0
9/12/2019,Sydney,NSW,94767,20.9,27.4,23.2,0
10/12/2019,Adelaide,SA,94672,14.1,25.6,17.8,0
10/12/2019,Brisbane,QLD,94578,22,30,26.3,0
10/12/2019,Canberra,ACT,94926,12.3,38.1,23.3,0
10/12/2019,Darwin,NT,94120,28,35.8,30.6,0
10/12/2019,Hobart,TAS,94975,12,18.3,13.9,0
10/12/2019,Melbourne,VIC,94866,13,18.3,14.3,0.2
10/12/2019,Perth,WA,94610,13.3,37,27.7,0
10/12/2019,Sydney,NSW,94767,19.9,35,21.3,0
11/12/2019,Adelaide,SA,94672,13,25.5,18.8,0
11/12/2019,Brisbane,QLD,94578,19,31.5,25.1,52.1
11/12/2019,Canberra,ACT,94926,11.3,32.7,19.6,0
11/12/2019,Darwin,NT,94120,25.3,35.6,29.5,0
11/12/2019,Hobart,TAS,94975,9.3,22.6,15.8,0
11/12/2019,Melbourne,VIC,94866,11.9,20.3,15.1,0
11/12/2019,Perth,WA,94610,18.4,38,29.5,0
11/12/2019,Sydney,NSW,94767,17.9,22.5,19.7,0
12/12/2019,Adelaide,SA,94672,14,23.2,17.2,0
12/12/2019,Brisbane,QLD,94578,18.7,30.2,26.1,0
12/12/2019,Canberra,ACT,94926,12.8,30.5,18.2,0
12/12/2019,Darwin,NT,94120,26.9,35.4,31.1,1.6
12/12/2019,Hobart,TAS,94975,11.5,19.2,13.9,0
12/12/2019,Melbourne,VIC,94866,12,20.7,14,0
12/12/2019,Perth,WA,94610,19.9,39.2,30.5,0
12/12/2019,Sydney,NSW,94767,17.9,23.4,19.9,0
13/12/2019,Adelaide,SA,94672,13.8,20.2,16.7,0
13/12/2019,Brisbane,QLD,94578,20,29.6,23.3,16.5
13/12/2019,Canberra,ACT,94926,13.3,27.8,16.7,0
13/12/2019,Darwin,NT,94120,26.6,35.9,30.1,0.2
13/12/2019,Hobart,TAS,94975,11,21.3,15.5,0.2
13/12/2019,Melbourne,VIC,94866,8.2,22.1,16.9,0
13/12/2019,Perth,WA,94610,24,40.6,32.6,0
13/12/2019,Sydney,NSW,94767,18.2,23.5,20.9,0
14/12/2019,Adelaide,SA,94672,14.3,19.5,17,
14/12/2019,Brisbane,QLD,94578,19.5,28.9,25.6,0.3
14/12/2019,Canberra,ACT,94926,9.2,29.6,20.1,0
14/12/2019,Darwin,NT,94120,26.1,34.6,28.2,0
14/12/2019,Hobart,TAS,94975,10.7,16.2,12.2,0.8
14/12/2019,Melbourne,VIC,94866,13.4,22,16.6,0
14/12/2019,Perth,WA,94610,23.7,40.9,32.6,0
14/12/2019,Sydney,NSW,94767,18,27.6,22.6,0
15/12/2019,Adelaide,SA,94672,12.6,28.3,21.3,0
15/12/2019,Brisbane,QLD,94578,23.2,28.5,26.2,0
15/12/2019,Canberra,ACT,94926,13.5,29,22.2,0
15/12/2019,Darwin,NT,94120,21.7,34.4,30,20
15/12/2019,Hobart,TAS,94975,9.4,18.6,13.4,3.6
15/12/2019,Melbourne,VIC,94866,13.3,23.7,16.7,0
15/12/2019,Perth,WA,94610,22.9,41.6,31.4,0
15/12/2019,Sydney,NSW,94767,20,29.1,23.7,0
16/12/2019,Adelaide,SA,94672,14,31.1,25.4,0
16/12/2019,Brisbane,QLD,94578,22,32.7,24.9,0
16/12/2019,Canberra,ACT,94926,10.6,32,19.4,0
16/12/2019,Darwin,NT,94120,26.9,34.6,30.4,0
16/12/2019,Hobart,TAS,94975,10.1,20,15.4,2
16/12/2019,Melbourne,VIC,94866,9.7,23.1,16.7,0
16/12/2019,Perth,WA,94610,21.3,39.3,28.4,0
16/12/2019,Sydney,NSW,94767,18.8,22.9,19.7,0
17/12/2019,Adelaide,SA,94672,17.4,39.3,32.6,0
17/12/2019,Brisbane,QLD,94578,20,25.4,22.3,0.3
17/12/2019,Canberra,ACT,94926,12.4,32.5,21.6,0
17/12/2019,Darwin,NT,94120,27.2,35.4,30.9,0
17/12/2019,Hobart,TAS,94975,9.1,22.2,17.1,0
17/12/2019,Melbourne,VIC,94866,9.7,30.7,23.1,0
17/12/2019,Perth,WA,94610,17.6,35.6,28.1,0
17/12/2019,Sydney,NSW,94767,16.4,24.8,21.3,0
18/12/2019,Adelaide,SA,94672,28.4,42.4,32.9,0
18/12/2019,Brisbane,QLD,94578,19,25.8,22.2,0
18/12/2019,Canberra,ACT,94926,12.2,36.8,27.1,0
18/12/2019,Darwin,NT,94120,24.6,35.9,30.3,0
18/12/2019,Hobart,TAS,94975,14,26.1,18.8,0
18/12/2019,Melbourne,VIC,94866,13.3,40.9,28.2,0
18/12/2019,Perth,WA,94610,20,35,25.6,0
18/12/2019,Sydney,NSW,94767,18.3,28.5,23.9,0
19/12/2019,Adelaide,SA,94672,21.5,43.9,37.9,0
19/12/2019,Brisbane,QLD,94578,16.7,26.7,22.7,0
19/12/2019,Canberra,ACT,94926,15.9,39.3,24.7,0
19/12/2019,Darwin,NT,94120,26.6,35.6,29.9,0
19/12/2019,Hobart,TAS,94975,15.2,22.3,13.8,0
19/12/2019,Melbourne,VIC,94866,16.7,25.9,19.2,0
19/12/2019,Perth,WA,94610,18.4,24.7,20.7,0
19/12/2019,Sydney,NSW,94767,20.1,42.4,24.7,0
20/12/2019,Adelaide,SA,94672,21.2,42.2,27.1,0.3
20/12/2019,Brisbane,QLD,94578,17.9,27.2,23.3,0
20/12/2019,Canberra,ACT,94926,12.8,39,24.9,0
20/12/2019,Darwin,NT,94120,27.2,35.1,30.7,0
20/12/2019,Hobart,TAS,94975,8.9,32.5,24.9,0
20/12/2019,Melbourne,VIC,94866,11.7,44.6,32.1,0
20/12/2019,Perth,WA,94610,15.8,27.2,21.2,1.8
20/12/2019,Sydney,NSW,94767,19.3,26.6,23.5,0
21/12/2019,Adelaide,SA,94672,15.4,25,17.9,0
21/12/2019,Brisbane,QLD,94578,19.4,28,24.3,0
21/12/2019,Canberra,ACT,94926,14.7,41.1,25.8,0
21/12/2019,Darwin,NT,94120,27.2,34.8,30.4,5.4
21/12/2019,Hobart,TAS,94975,14.9,22.1,15.6,0
21/12/2019,Melbourne,VIC,94866,16.8,20.6,15.3,0
21/12/2019,Perth,WA,94610,14.3,34.9,24.6,0
21/12/2019,Sydney,NSW,94767,21.1,32.5,23.2,0
22/12/2019,Adelaide,SA,94672,12.1,26,22.2,0
22/12/2019,Brisbane,QLD,94578,21,27.5,24.2,0
22/12/2019,Canberra,ACT,94926,13.2,24.9,16.4,0
22/12/2019,Darwin,NT,94120,25.3,36,30.5,0
22/12/2019,Hobart,TAS,94975,11.2,19.7,14.7,0
22/12/2019,Melbourne,VIC,94866,12.1,21.2,15.8,0
22/12/2019,Perth,WA,94610,17.2,29.3,22.1,0
22/12/2019,Sydney,NSW,94767,18.1,21.7,18.9,0
23/12/2019,Adelaide,SA,94672,17.8,29.3,22.1,0
23/12/2019,Brisbane,QLD,94578,22.1,28.7,25.9,0
23/12/2019,Canberra,ACT,94926,8.6,32.4,22.5,0
23/12/2019,Darwin,NT,94120,27.4,35.5,31,0
23/12/2019,Hobart,TAS,94975,11.1,17.4,13.5,0
23/12/2019,Melbourne,VIC,94866,12.6,24,16.8,0
23/12/2019,Perth,WA,94610,15.5,32.3,24.7,0
23/12/2019,Sydney,NSW,94767,16.4,26.5,22.4,0
24/12/2019,Adelaide,SA,94672,14,28,24.1,0
24/12/2019,Brisbane,QLD,94578,22,29.2,24.4,20.8
24/12/2019,Canberra,ACT,94926,16.1,28.8,20.7,0
24/12/2019,Darwin,NT,94120,27.2,36.1,30.4,0
24/12/2019,Hobart,TAS,94975,11.8,20.8,15.6,0
24/12/2019,Melbourne,VIC,94866,13.3,25.9,19.2,0
24/12/2019,Perth,WA,94610,17.8,34.2,26.8,0
24/12/2019,Sydney,NSW,94767,18.3,28,22.6,0
25/12/2019,Adelaide,SA,94672,19.4,32.1,23.8,0
25/12/2019,Brisbane,QLD,94578,21.8,25,23.6,3.8
25/12/2019,Canberra,ACT,94926,15.1,32.2,23.4,0
25/12/2019,Darwin,NT,94120,22.6,35.4,30.9,9.6
25/12/2019,Hobart,TAS,94975,11.7,21.9,16.9,0
25/12/2019,Melbourne,VIC,94866,12.6,31.9,21.7,0
25/12/2019,Perth,WA,94610,21.8,36.7,26.4,0
25/12/2019,Sydney,NSW,94767,19.3,27.9,24.3,0.8
26/12/2019,Adelaide,SA,94672,16.7,34.4,26.1,0
26/12/2019,Brisbane,QLD,94578,21.5,27.8,23.9,0.3
26/12/2019,Canberra,ACT,94926,15.6,35,24.5,0
26/12/2019,Darwin,NT,94120,26.7,35.3,31.4,0
26/12/2019,Hobart,TAS,94975,11.2,22.6,16.6,0
26/12/2019,Melbourne,VIC,94866,15.1,23,17,0
26/12/2019,Perth,WA,94610,18.4,29.4,23.4,0
26/12/2019,Sydney,NSW,94767,20.7,30.2,24.7,0
27/12/2019,Adelaide,SA,94672,21.3,39,29.6,0
27/12/2019,Brisbane,QLD,94578,20.1,26.9,23.3,0.5
27/12/2019,Canberra,ACT,94926,15.3,36.8,26.5,0
27/12/2019,Darwin,NT,94120,30.2,34.2,29.3,0
27/12/2019,Hobart,TAS,94975,9.3,21.9,17.6,0
27/12/2019,Melbourne,VIC,94866,12.3,29.5,23.7,0
27/12/2019,Perth,WA,94610,18.6,29.1,21.7,0
27/12/2019,Sydney,NSW,94767,21.2,29.9,24.5,0
28/12/2019,Adelaide,SA,94672,24.5,35.4,28.1,0
28/12/2019,Brisbane,QLD,94578,20.6,28.3,25.1,0
28/12/2019,Canberra,ACT,94926,17.1,37.7,28.7,0
28/12/2019,Darwin,NT,94120,23.6,33.8,29.3,0.6
28/12/2019,Hobart,TAS,94975,14.6,27.1,18.6,0
28/12/2019,Melbourne,VIC,94866,16.3,31.8,23.6,0
28/12/2019,Perth,WA,94610,12.1,28.7,22.3,0
28/12/2019,Sydney,NSW,94767,20.3,30.7,24.8,0
29/12/2019,Adelaide,SA,94672,21.9,32.2,30.2,0
29/12/2019,Brisbane,QLD,94578,22.4,28.1,25,0
29/12/2019,Canberra,ACT,94926,19.6,36.1,27.6,0
29/12/2019,Darwin,NT,94120,27,34.2,30.7,0.6
29/12/2019,Hobart,TAS,94975,10.7,24.4,18.7,0
29/12/2019,Melbourne,VIC,94866,15.2,35.2,27.3,0
29/12/2019,Perth,WA,94610,14.8,26.9,21.3,0
29/12/2019,Sydney,NSW,94767,20.2,29.5,24.2,0
30/12/2019,Adelaide,SA,94672,17.6,39.9,23.9,0
30/12/2019,Brisbane,QLD,94578,23,29.3,25.1,2
30/12/2019,Canberra,ACT,94926,17.6,39.8,32.2,0
30/12/2019,Darwin,NT,94120,25.3,33.9,29.8,3.6
30/12/2019,Hobart,TAS,94975,13.5,40.8,23.6,0
30/12/2019,Melbourne,VIC,94866,19.5,42.6,26,0
30/12/2019,Perth,WA,94610,13.9,26.2,20.2,0
30/12/2019,Sydney,NSW,94767,19.3,31,25.3,0
31/12/2019,Adelaide,SA,94672,15.9,23.8,18.2,0
31/12/2019,Brisbane,QLD,94578,22.3,28.9,25.4,0.8
31/12/2019,Canberra,ACT,94926,16.7,38,23.7,0.3
31/12/2019,Darwin,NT,94120,25.7,35.1,29.5,0.2
31/12/2019,Hobart,TAS,94975,11.8,23.2,16.9,4.2
31/12/2019,Melbourne,VIC,94866,13.8,22.6,16.1,1.8
31/12/2019,Perth,WA,94610,12.7,30.8,22.4,0
31/12/2019,Sydney,NSW,94767,20.3,40.3,25.2,0
1/01/2020,Adelaide,SA,94672,12,23,19,0
1/01/2020,Brisbane,QLD,94578,23,29.7,25.6,0
1/01/2020,Canberra,ACT,94926,13.6,33.2,20.3,0
1/01/2020,Darwin,NT,94120,23.6,34.4,28.5,5.8
1/01/2020,Hobart,TAS,94975,11.4,24.7,19.5,0
1/01/2020,Melbourne,VIC,94866,9.3,26.3,18.5,0
1/01/2020,Perth,WA,94610,15.3,31.9,23.5,0
1/01/2020,Sydney,NSW,94767,18.5,26.2,22,0
2/01/2020,Adelaide,SA,94672,13.2,26,24.3,0
2/01/2020,Brisbane,QLD,94578,21.9,29.8,25.7,0
2/01/2020,Canberra,ACT,94926,10.7,33.2,22.1,0
2/01/2020,Darwin,NT,94120,25.9,34.5,30.2,3.2
2/01/2020,Hobart,TAS,94975,15.9,24.3,17.7,0
2/01/2020,Melbourne,VIC,94866,10.1,26.4,18.9,0
2/01/2020,Perth,WA,94610,16.4,24.9,19.8,0
2/01/2020,Sydney,NSW,94767,19.1,26.6,23.2,0
3/01/2020,Adelaide,SA,94672,19.2,39.5,29.4,0
3/01/2020,Brisbane,QLD,94578,22,29.6,24.9,0
3/01/2020,Canberra,ACT,94926,15.7,37.8,28,0
3/01/2020,Darwin,NT,94120,26.3,34.7,30.2,0
3/01/2020,Hobart,TAS,94975,14.7,22.1,18.7,0
3/01/2020,Melbourne,VIC,94866,11.4,36.9,27.6,0
3/01/2020,Perth,WA,94610,13,23.2,17.7,0.6
3/01/2020,Sydney,NSW,94767,20.9,30.9,25.7,0
4/01/2020,Adelaide,SA,94672,16.7,25,17.7,4.1
4/01/2020,Brisbane,QLD,94578,20.7,29.8,25.2,0
4/01/2020,Canberra,ACT,94926,19,44,30.8,0
4/01/2020,Darwin,NT,94120,26.6,35,30.4,0
4/01/2020,Hobart,TAS,94975,15.3,28.6,16.6,0
4/01/2020,Melbourne,VIC,94866,18.3,30.2,17.6,0
4/01/2020,Perth,WA,94610,12.4,28.4,19.9,0
4/01/2020,Sydney,NSW,94767,22.1,43.3,29.4,0
5/01/2020,Adelaide,SA,94672,11.7,16.6,15.7,0.5
5/01/2020,Brisbane,QLD,94578,20.4,30.1,25.9,5.3
5/01/2020,Canberra,ACT,94926,14.7,28.2,16.4,0
5/01/2020,Darwin,NT,94120,26.7,34.6,29.5,0
5/01/2020,Hobart,TAS,94975,10.7,22.1,15.3,0
5/01/2020,Melbourne,VIC,94866,12,15.7,13.2,1.6
5/01/2020,Perth,WA,94610,11.6,35.3,25.3,0
5/01/2020,Sydney,NSW,94767,20.8,24.4,21.8,0
6/01/2020,Adelaide,SA,94672,13.3,28,19.9,0
6/01/2020,Brisbane,QLD,94578,22.7,29.2,25.8,0
6/01/2020,Canberra,ACT,94926,14.3,21.2,18.2,0.5
6/01/2020,Darwin,NT,94120,26.3,34.6,28.2,0
6/01/2020,Hobart,TAS,94975,9.4,22.2,17.6,0
6/01/2020,Melbourne,VIC,94866,11.5,17.3,15.2,9
6/01/2020,Perth,WA,94610,13.1,34.8,25.2,0
6/01/2020,Sydney,NSW,94767,19.3,25.2,22.1,0
7/01/2020,Adelaide,SA,94672,15,31.7,24.6,0
7/01/2020,Brisbane,QLD,94578,23,29.5,25.9,0
7/01/2020,Canberra,ACT,94926,15,35,25,0
7/01/2020,Darwin,NT,94120,25.3,34.1,29.2,4.8
7/01/2020,Hobart,TAS,94975,13.2,19.9,16.4,0
7/01/2020,Melbourne,VIC,94866,11.8,19.9,17.7,0.6
7/01/2020,Perth,WA,94610,15.1,32.8,24.4,0
7/01/2020,Sydney,NSW,94767,20,29.6,24.7,1.8
8/01/2020,Adelaide,SA,94672,22.4,34.1,26.9,0
8/01/2020,Brisbane,QLD,94578,22.1,30.6,26.1,0
8/01/2020,Canberra,ACT,94926,16.7,34.9,22.4,0
8/01/2020,Darwin,NT,94120,27.4,32.4,29.8,4.8
8/01/2020,Hobart,TAS,94975,9.7,23.5,17.3,0
8/01/2020,Melbourne,VIC,94866,16,25.9,20.1,0
8/01/2020,Perth,WA,94610,17.4,30.4,23.2,0
8/01/2020,Sydney,NSW,94767,21,24.6,22.2,1.6
9/01/2020,Adelaide,SA,94672,19.3,40.7,30.5,0
9/01/2020,Brisbane,QLD,94578,22.2,30.5,26.6,0
9/01/2020,Canberra,ACT,94926,15.7,24.9,21.1,0
9/01/2020,Darwin,NT,94120,26.8,31.2,27.7,2.6
9/01/2020,Hobart,TAS,94975,11.6,31.6,24.4,0
9/01/2020,Melbourne,VIC,94866,16.3,33.7,27,0
9/01/2020,Perth,WA,94610,17.3,28.7,22.3,0
9/01/2020,Sydney,NSW,94767,20.5,26,23,0
10/01/2020,Adelaide,SA,94672,16.1,25.4,17.6,1
10/01/2020,Brisbane,QLD,94578,24,30,26.8,0.3
10/01/2020,Canberra,ACT,94926,18.3,39.4,28.8,0.3
10/01/2020,Darwin,NT,94120,25.1,27.2,26,36.4
10/01/2020,Hobart,TAS,94975,18.4,29.6,17.1,0
10/01/2020,Melbourne,VIC,94866,19.2,34.1,16.9,0
10/01/2020,Perth,WA,94610,15.8,32.6,24.9,0
10/01/2020,Sydney,NSW,94767,21,31.5,25.6,0
11/01/2020,Adelaide,SA,94672,14.3,22.6,18.1,0
11/01/2020,Brisbane,QLD,94578,22.7,29.8,25.6,15.2
11/01/2020,Canberra,ACT,94926,15.7,30.6,19.1,0
11/01/2020,Darwin,NT,94120,24.6,30.1,27.3,61
11/01/2020,Hobart,TAS,94975,12.6,20.4,15.7,1.6
11/01/2020,Melbourne,VIC,94866,11.4,19.5,14.8,14.4
11/01/2020,Perth,WA,94610,17.6,35.9,26,0
11/01/2020,Sydney,NSW,94767,18.9,22.5,21.2,0.2
12/01/2020,Adelaide,SA,94672,13.2,29.4,20.1,
12/01/2020,Brisbane,QLD,94578,22.7,28.3,24.2,0.3
12/01/2020,Canberra,ACT,94926,14.2,22.1,16,0
12/01/2020,Darwin,NT,94120,25.3,33.9,28.4,0
12/01/2020,Hobart,TAS,94975,12.2,22.4,17,0
12/01/2020,Melbourne,VIC,94866,11.7,21.6,16.1,0.2
12/01/2020,Perth,WA,94610,15.8,34,25.7,0
12/01/2020,Sydney,NSW,94767,19.4,23.3,19.3,0
13/01/2020,Adelaide,SA,94672,15.6,30.8,24.4,
13/01/2020,Brisbane,QLD,94578,22.3,27.7,24.3,0
13/01/2020,Canberra,ACT,94926,10.1,26.6,18.6,
13/01/2020,Darwin,NT,94120,25.3,33.6,28.3,0.4
13/01/2020,Hobart,TAS,94975,10.8,31.3,19.9,0
13/01/2020,Melbourne,VIC,94866,11.1,32.7,24.5,0
13/01/2020,Perth,WA,94610,18,35.2,26.9,0
13/01/2020,Sydney,NSW,94767,17.3,27.1,23,1.2
14/01/2020,Adelaide,SA,94672,18.5,28.4,23.9,0
14/01/2020,Brisbane,QLD,94578,20.4,28.4,24.9,0
14/01/2020,Canberra,ACT,94926,12.7,32.1,22.8,0
14/01/2020,Darwin,NT,94120,25.2,33.6,29.8,4.4
14/01/2020,Hobart,TAS,94975,14,25.1,20.4,0
14/01/2020,Melbourne,VIC,94866,16.2,33.9,26.9,0
14/01/2020,Perth,WA,94610,20.5,35,26.9,0
14/01/2020,Sydney,NSW,94767,19.4,28.5,23.4,0
15/01/2020,Adelaide,SA,94672,17.3,26,20.1,0
15/01/2020,Brisbane,QLD,94578,21.9,27.4,24.6,8.6
15/01/2020,Canberra,ACT,94926,15.3,33.2,23.2,1
15/01/2020,Darwin,NT,94120,26.3,34.8,30.5,1.4
15/01/2020,Hobart,TAS,94975,15.5,30,21.8,0
15/01/2020,Melbourne,VIC,94866,18.8,38.3,22.3,0
15/01/2020,Perth,WA,94610,19.6,34.3,26.5,0
15/01/2020,Sydney,NSW,94767,19.2,28.7,24.8,0
16/01/2020,Adelaide,SA,94672,15.6,24.1,17.8,0
16/01/2020,Brisbane,QLD,94578,22.3,27,24.7,8.6
16/01/2020,Canberra,ACT,94926,15.9,29.3,20.4,4.1
16/01/2020,Darwin,NT,94120,28.7,34.2,30.8,0
16/01/2020,Hobart,TAS,94975,12,15.7,12.8,0.6
16/01/2020,Melbourne,VIC,94866,14.9,19.6,14.9,30.2
16/01/2020,Perth,WA,94610,19.9,36.3,28.3,0
16/01/2020,Sydney,NSW,94767,20.7,28.5,22.3,4
17/01/2020,Adelaide,SA,94672,12.9,23.6,18.2,0
17/01/2020,Brisbane,QLD,94578,23,28.8,24.6,73.9
17/01/2020,Canberra,ACT,94926,16.5,24.8,19.6,0
17/01/2020,Darwin,NT,94120,26.2,31.4,28,0
17/01/2020,Hobart,TAS,94975,9.9,16.5,13.3,4
17/01/2020,Melbourne,VIC,94866,11.6,25.3,17.5,0.8
17/01/2020,Perth,WA,94610,23.3,29.1,24.2,0
17/01/2020,Sydney,NSW,94767,18.1,22.6,20.8,32.6
18/01/2020,Adelaide,SA,94672,13.8,23.8,19.5,0
18/01/2020,Brisbane,QLD,94578,20.8,27.7,24.8,2.3
18/01/2020,Canberra,ACT,94926,16.8,25.3,18.7,0
18/01/2020,Darwin,NT,94120,23.9,34.1,30.4,20.4
18/01/2020,Hobart,TAS,94975,11,19.8,14.8,0
18/01/2020,Melbourne,VIC,94866,11.8,28.8,21.5,0
18/01/2020,Perth,WA,94610,19.9,32.2,24.7,0
18/01/2020,Sydney,NSW,94767,18.2,22.8,20.6,14
19/01/2020,Adelaide,SA,94672,16.6,23.2,18.1,8.9
19/01/2020,Brisbane,QLD,94578,22,29.5,26.9,0.3
19/01/2020,Canberra,ACT,94926,13.6,31.3,22.3,4.3
19/01/2020,Darwin,NT,94120,28.7,31.3,29.1,0.2
19/01/2020,Hobart,TAS,94975,11.1,22.2,16.9,0
19/01/2020,Melbourne,VIC,94866,16.5,29.1,21.6,0
19/01/2020,Perth,WA,94610,16.9,31.3,22.5,0
19/01/2020,Sydney,NSW,94767,18.4,24.9,22.4,3.6
20/01/2020,Adelaide,SA,94672,15.5,20,17.7,0.3
20/01/2020,Brisbane,QLD,94578,25.7,30.3,27.2,0.5
20/01/2020,Canberra,ACT,94926,15.3,27.9,19.6,2.5
20/01/2020,Darwin,NT,94120,24.8,30.2,26.7,26
20/01/2020,Hobart,TAS,94975,12.5,18.1,15.4,0
20/01/2020,Melbourne,VIC,94866,16.7,23.8,16.1,0.4
20/01/2020,Perth,WA,94610,14.5,32.9,23.9,0
20/01/2020,Sydney,NSW,94767,20.1,30,23.7,0
21/01/2020,Adelaide,SA,94672,16.2,26.7,23.6,0
21/01/2020,Brisbane,QLD,94578,25,30.3,26.6,0.8
21/01/2020,Canberra,ACT,94926,14.1,27.6,20.1,0
21/01/2020,Darwin,NT,94120,22.7,29.9,26.4,74.4
21/01/2020,Hobart,TAS,94975,13.1,19.7,15.8,0
21/01/2020,Melbourne,VIC,94866,13.3,24.2,18.2,24.8
21/01/2020,Perth,WA,94610,16.7,26.5,19.9,0
21/01/2020,Sydney,NSW,94767,18.9,30.4,25.1,2.6
22/01/2020,Adelaide,SA,94672,15.7,25.5,18.9,2
22/01/2020,Brisbane,QLD,94578,22.4,31.2,28.1,1.3
22/01/2020,Canberra,ACT,94926,11.8,34.3,28.1,0
22/01/2020,Darwin,NT,94120,23.2,28.4,24.6,87.8
22/01/2020,Hobart,TAS,94975,11.6,30.7,20.7,0
22/01/2020,Melbourne,VIC,94866,13.1,32.5,20.6,0
22/01/2020,Perth,WA,94610,11,25.3,20.8,0
22/01/2020,Sydney,NSW,94767,20.7,32.7,27.6,0
23/01/2020,Adelaide,SA,94672,14.7,20.4,18.1,0.3
23/01/2020,Brisbane,QLD,94578,26,29.1,27.3,0.5
23/01/2020,Canberra,ACT,94926,17.3,34.9,22.4,3.3
23/01/2020,Darwin,NT,94120,22.7,32.8,29.1,54.8
23/01/2020,Hobart,TAS,94975,14.2,21.7,15.2,15
23/01/2020,Melbourne,VIC,94866,12.4,23.6,16,17.8
23/01/2020,Perth,WA,94610,17.5,28.8,22.6,0
23/01/2020,Sydney,NSW,94767,22.4,43.7,32,0
24/01/2020,Adelaide,SA,94672,16.6,22,19.3,0
24/01/2020,Brisbane,QLD,94578,25.8,30.6,27.8,0
24/01/2020,Canberra,ACT,94926,14.8,28.8,22.2,0
24/01/2020,Darwin,NT,94120,27.1,33.2,30,0
24/01/2020,Hobart,TAS,94975,11.3,22,17.9,3.4
24/01/2020,Melbourne,VIC,94866,10.2,24.1,18.2,0.2
24/01/2020,Perth,WA,94610,15.4,33.6,24.3,0
24/01/2020,Sydney,NSW,94767,22.3,26.6,24.1,0
25/01/2020,Adelaide,SA,94672,16.5,24,20.3,0
25/01/2020,Brisbane,QLD,94578,25.7,30.3,26.7,0
25/01/2020,Canberra,ACT,94926,16.4,33.7,25.6,0
25/01/2020,Darwin,NT,94120,28.5,33.2,30.1,0
25/01/2020,Hobart,TAS,94975,14.6,25.6,20.8,0
25/01/2020,Melbourne,VIC,94866,12.4,28,20.1,0
25/01/2020,Perth,WA,94610,14.3,33.9,26.2,0
25/01/2020,Sydney,NSW,94767,21.7,29.4,26.5,1.6
26/01/2020,Adelaide,SA,94672,17,23.6,19.6,0
26/01/2020,Brisbane,QLD,94578,24.6,29.3,26.4,0
26/01/2020,Canberra,ACT,94926,17.1,34.7,24.9,0
26/01/2020,Darwin,NT,94120,28,33.8,30.2,0
26/01/2020,Hobart,TAS,94975,17.2,23.7,17.9,0
26/01/2020,Melbourne,VIC,94866,13,25.2,18.1,0
26/01/2020,Perth,WA,94610,20.4,36.9,28.8,0
26/01/2020,Sydney,NSW,94767,24,37.7,28.4,0.2
27/01/2020,Adelaide,SA,94672,15.1,26.4,19.6,0
27/01/2020,Brisbane,QLD,94578,23.5,30,26.5,1
27/01/2020,Canberra,ACT,94926,14.2,35.9,26.4,0
27/01/2020,Darwin,NT,94120,28.5,33.9,30.3,0
27/01/2020,Hobart,TAS,94975,14.9,23.3,18.1,0
27/01/2020,Melbourne,VIC,94866,10.8,25.1,17,0
27/01/2020,Perth,WA,94610,20.7,40.4,30.7,0
27/01/2020,Sydney,NSW,94767,22,28.4,25.3,0
28/01/2020,Adelaide,SA,94672,13.2,24.2,20.9,0
28/01/2020,Brisbane,QLD,94578,23.4,29.6,26.7,0.3
28/01/2020,Canberra,ACT,94926,20,34.4,23.6,0
28/01/2020,Darwin,NT,94120,29,34,30.7,0
28/01/2020,Hobart,TAS,94975,15.8,26.7,20.5,0
28/01/2020,Melbourne,VIC,94866,11.6,26,19.1,0
28/01/2020,Perth,WA,94610,20.9,36.5,26.4,0
28/01/2020,Sydney,NSW,94767,22.5,30,25.3,0
29/01/2020,Adelaide,SA,94672,14.1,34.7,28.1,0
29/01/2020,Brisbane,QLD,94578,24.6,31.3,27.3,0
29/01/2020,Canberra,ACT,94926,13.3,32,22.3,0
29/01/2020,Darwin,NT,94120,26.4,32.1,29,1.6
29/01/2020,Hobart,TAS,94975,16.5,29.4,23.4,0
29/01/2020,Melbourne,VIC,94866,16,31.6,23.6,0
29/01/2020,Perth,WA,94610,19,27.9,22.7,0
29/01/2020,Sydney,NSW,94767,22.5,27.1,23.9,0
30/01/2020,Adelaide,SA,94672,20.3,42.3,35.5,0
30/01/2020,Brisbane,QLD,94578,24.3,30.3,27,0
30/01/2020,Canberra,ACT,94926,13.4,37.3,27.1,0
30/01/2020,Darwin,NT,94120,22.5,33.3,30,6.2
30/01/2020,Hobart,TAS,94975,17.6,36.6,21.2,0
30/01/2020,Melbourne,VIC,94866,14.9,39.3,31.2,0
30/01/2020,Perth,WA,94610,18.3,25.2,18.8,0.8
30/01/2020,Sydney,NSW,94767,20.3,31.4,26.8,0
31/01/2020,Adelaide,SA,94672,24.2,35.6,26.7,27.9
31/01/2020,Brisbane,QLD,94578,22.9,30,27.2,0.3
31/01/2020,Canberra,ACT,94926,16.8,41.9,33.9,0
31/01/2020,Darwin,NT,94120,27.5,33.4,30.3,6.2
31/01/2020,Hobart,TAS,94975,14.8,41.4,28.3,0
31/01/2020,Melbourne,VIC,94866,20.3,43.6,31.3,0
31/01/2020,Perth,WA,94610,9.2,25.7,19.3,0
31/01/2020,Sydney,NSW,94767,23.5,33.7,28.1,0
1/02/2020,Adelaide,SA,94672,17.5,25.4,18.7,1
1/02/2020,Brisbane,QLD,94578,24.4,30.4,26.7,0
1/02/2020,Canberra,ACT,94926,25.5,42.7,34,0
1/02/2020,Darwin,NT,94120,28.5,33.5,30.4,0
1/02/2020,Hobart,TAS,94975,19.9,20.3,16.1,3.2
1/02/2020,Melbourne,VIC,94866,23,28.8,17.3,2.2
1/02/2020,Perth,WA,94610,13.7,28.9,21.9,0
1/02/2020,Sydney,NSW,94767,24.2,37.6,30.1,0
2/02/2020,Adelaide,SA,94672,18,22.4,19.4,0
2/02/2020,Brisbane,QLD,94578,21.4,31.7,27.6,0
2/02/2020,Canberra,ACT,94926,22.2,33.7,24.2,0
2/02/2020,Darwin,NT,94120,29.2,33.3,30.3,0
2/02/2020,Hobart,TAS,94975,11.3,22.5,14.6,0
2/02/2020,Melbourne,VIC,94866,12.9,24.4,17.4,15.6
2/02/2020,Perth,WA,94610,14.6,35.2,26.7,0
2/02/2020,Sydney,NSW,94767,23.4,26.2,23.1,0
3/02/2020,Adelaide,SA,94672,14.3,22.4,16.7,0
3/02/2020,Brisbane,QLD,94578,23.1,33.1,27.9,23.6
3/02/2020,Canberra,ACT,94926,14.9,29.2,17.9,0
3/02/2020,Darwin,NT,94120,27.8,32.7,30.1,0.2
3/02/2020,Hobart,TAS,94975,9.1,16,11.4,1
3/02/2020,Melbourne,VIC,94866,11.7,18.8,14.3,0
3/02/2020,Perth,WA,94610,18,38.8,30.2,0
3/02/2020,Sydney,NSW,94767,21.1,31.2,22.5,27
4/02/2020,Adelaide,SA,94672,12.3,25.6,18.3,0
4/02/2020,Brisbane,QLD,94578,21,28,23.1,0
4/02/2020,Canberra,ACT,94926,7,25.3,17.2,0
4/02/2020,Darwin,NT,94120,25.7,32.2,29.2,1.2
4/02/2020,Hobart,TAS,94975,7,21.2,15.3,1.2
4/02/2020,Melbourne,VIC,94866,10.7,19.6,14.9,0
4/02/2020,Perth,WA,94610,22.1,43.3,33.4,0
4/02/2020,Sydney,NSW,94767,17.8,24.3,21.1,0.8
5/02/2020,Adelaide,SA,94672,13.9,27.5,19.9,0
5/02/2020,Brisbane,QLD,94578,21.4,25.1,22.3,79.5
5/02/2020,Canberra,ACT,94926,10,29.1,21.4,0
5/02/2020,Darwin,NT,94120,26.2,33,29.2,3.6
5/02/2020,Hobart,TAS,94975,10.6,19.1,14.8,0
5/02/2020,Melbourne,VIC,94866,10.9,20.6,16.6,0
5/02/2020,Perth,WA,94610,25.2,36.4,27.8,0
5/02/2020,Sydney,NSW,94767,18.4,27.6,23.1,0.2
6/02/2020,Adelaide,SA,94672,14.5,31.9,23.9,0
6/02/2020,Brisbane,QLD,94578,19.8,26,22.7,72.4
6/02/2020,Canberra,ACT,94926,15.7,25.4,19.7,0.8
6/02/2020,Darwin,NT,94120,26.6,34.4,30.1,0.2
6/02/2020,Hobart,TAS,94975,13.2,23.3,17.9,0
6/02/2020,Melbourne,VIC,94866,14.4,28.4,20.8,0
6/02/2020,Perth,WA,94610,21,32.6,25.1,0
6/02/2020,Sydney,NSW,94767,19.3,26.2,21.9,2.6
7/02/2020,Adelaide,SA,94672,19.1,29.1,24.7,0
7/02/2020,Brisbane,QLD,94578,21.2,28.5,25.2,1.8
7/02/2020,Canberra,ACT,94926,16.5,23.7,18.8,1.8
7/02/2020,Darwin,NT,94120,28.3,34.2,30.4,0
7/02/2020,Hobart,TAS,94975,14.9,18.3,15.2,0
7/02/2020,Melbourne,VIC,94866,15.7,25.8,19.8,0
7/02/2020,Perth,WA,94610,20.7,30.6,24.3,0
7/02/2020,Sydney,NSW,94767,18.7,22.3,20.6,31.8
8/02/2020,Adelaide,SA,94672,21.5,33,27.2,0
8/02/2020,Brisbane,QLD,94578,22.6,28.3,24.4,50.3
8/02/2020,Canberra,ACT,94926,16.6,23.9,18.2,3.3
8/02/2020,Darwin,NT,94120,26.8,34.5,30.2,1.6
8/02/2020,Hobart,TAS,94975,13.5,19.2,15.7,0
8/02/2020,Melbourne,VIC,94866,15.6,29.9,22.7,0
8/02/2020,Perth,WA,94610,19.6,28.2,22.1,0
8/02/2020,Sydney,NSW,94767,18.8,25.1,21.4,60
9/02/2020,Adelaide,SA,94672,22.4,31.9,25.3,0
9/02/2020,Brisbane,QLD,94578,22.4,27.4,24.3,38.4
9/02/2020,Canberra,ACT,94926,15.5,18,16.8,60.5
9/02/2020,Darwin,NT,94120,29,34.1,29.2,0
9/02/2020,Hobart,TAS,94975,13.4,21.9,17.4,0
9/02/2020,Melbourne,VIC,94866,15.6,27.7,21.2,0
9/02/2020,Perth,WA,94610,14.1,29.8,21.7,0
9/02/2020,Sydney,NSW,94767,18.8,23.7,20.9,77.8
10/02/2020,Adelaide,SA,94672,19.8,27.7,23.2,0
10/02/2020,Brisbane,QLD,94578,21.7,28.1,25,15.2
10/02/2020,Canberra,ACT,94926,15.4,27.6,21.9,0
10/02/2020,Darwin,NT,94120,26.4,34.3,30.3,7.6
10/02/2020,Hobart,TAS,94975,15,20.7,18.3,0
10/02/2020,Melbourne,VIC,94866,17.3,27.6,21.7,0.8
10/02/2020,Perth,WA,94610,15.2,33,25.4,0
10/02/2020,Sydney,NSW,94767,19.2,28.6,24.1,161
11/02/2020,Adelaide,SA,94672,18.6,23.9,20.8,0
11/02/2020,Brisbane,QLD,94578,21.8,29,25.6,4.3
11/02/2020,Canberra,ACT,94926,18.2,28.7,22.3,0.3
11/02/2020,Darwin,NT,94120,24,30.6,28.3,23
11/02/2020,Hobart,TAS,94975,16.9,22,18.3,1.2
11/02/2020,Melbourne,VIC,94866,17.3,28.2,20.9,0
11/02/2020,Perth,WA,94610,18.7,35.3,26.3,0
11/02/2020,Sydney,NSW,94767,20.8,30.6,24.9,0.2
12/02/2020,Adelaide,SA,94672,18.1,25.9,20.6,0
12/02/2020,Brisbane,QLD,94578,22.7,26.1,23.3,115.1
12/02/2020,Canberra,ACT,94926,17.7,28.2,22.7,0
12/02/2020,Darwin,NT,94120,27.3,34.2,30.1,0
12/02/2020,Hobart,TAS,94975,15.9,18.2,15.4,0.6
12/02/2020,Melbourne,VIC,94866,17.5,25.8,21.3,0.8
12/02/2020,Perth,WA,94610,19.1,35.8,27,0
12/02/2020,Sydney,NSW,94767,21.6,26.7,23.4,0
13/02/2020,Adelaide,SA,94672,17.3,25.9,22.7,0
13/02/2020,Brisbane,QLD,94578,21.7,25,23.1,43.9
13/02/2020,Canberra,ACT,94926,19.7,27.4,20.4,2.5
13/02/2020,Darwin,NT,94120,28.9,34.8,30.7,0
13/02/2020,Hobart,TAS,94975,13.7,21.4,17.2,0
13/02/2020,Melbourne,VIC,94866,17.4,31.2,24.6,0
13/02/2020,Perth,WA,94610,20.5,36.5,29.8,0
13/02/2020,Sydney,NSW,94767,20.9,27.5,23.7,16.4
14/02/2020,Adelaide,SA,94672,18.9,24,19.8,0
14/02/2020,Brisbane,QLD,94578,21.6,29.4,26.1,0
14/02/2020,Canberra,ACT,94926,14.5,29.2,22.1,0
14/02/2020,Darwin,NT,94120,28.7,34.2,30.7,0
14/02/2020,Hobart,TAS,94975,14.5,28.6,20.4,0
14/02/2020,Melbourne,VIC,94866,19.1,34.2,22.1,0
14/02/2020,Perth,WA,94610,23.9,40.8,29.2,0
14/02/2020,Sydney,NSW,94767,21.1,25.5,22.1,0
15/02/2020,Adelaide,SA,94672,17.3,23.8,18.7,0
15/02/2020,Brisbane,QLD,94578,22.8,30.5,27.2,0
15/02/2020,Canberra,ACT,94926,17.2,29.8,20.3,6.9
15/02/2020,Darwin,NT,94120,28.8,34.6,30.8,0
15/02/2020,Hobart,TAS,94975,14.8,18.7,14.8,1
15/02/2020,Melbourne,VIC,94866,18,19,16.5,11
15/02/2020,Perth,WA,94610,21.5,26.8,22.3,0
15/02/2020,Sydney,NSW,94767,18.5,26.3,22.8,0
16/02/2020,Adelaide,SA,94672,14.4,24.5,18.2,0
16/02/2020,Brisbane,QLD,94578,24.6,30.6,27.5,0
16/02/2020,Canberra,ACT,94926,15.9,26,19.7,0
16/02/2020,Darwin,NT,94120,24.8,33.1,29.8,0
16/02/2020,Hobart,TAS,94975,11.8,18.3,13.1,0
16/02/2020,Melbourne,VIC,94866,15.2,26,18.6,3.4
16/02/2020,Perth,WA,94610,17.6,27.4,22.1,0
16/02/2020,Sydney,NSW,94767,20.1,25,22.2,1.6
17/02/2020,Adelaide,SA,94672,13.1,25.5,21.8,0
17/02/2020,Brisbane,QLD,94578,23.9,30.3,26.7,0
17/02/2020,Canberra,ACT,94926,16.6,26.3,21.3,0
17/02/2020,Darwin,NT,94120,28.5,34.5,30.1,0
17/02/2020,Hobart,TAS,94975,8.6,19.9,13.9,0
17/02/2020,Melbourne,VIC,94866,13.8,27.3,21.1,0
17/02/2020,Perth,WA,94610,18.1,33.1,24.8,0
17/02/2020,Sydney,NSW,94767,20.2,24.8,22.8,1.2
18/02/2020,Adelaide,SA,94672,16.5,23.7,18.2,0.3
18/02/2020,Brisbane,QLD,94578,22.5,31.1,27.7,0.3
18/02/2020,Canberra,ACT,94926,18,31.2,22.7,4.1
18/02/2020,Darwin,NT,94120,26.6,34.3,28.4,0
18/02/2020,Hobart,TAS,94975,7.8,21.2,16.6,0
18/02/2020,Melbourne,VIC,94866,16.4,21.5,16.4,0.8
18/02/2020,Perth,WA,94610,17.2,33.9,27.8,0
18/02/2020,Sydney,NSW,94767,20.8,31.8,25.7,0.4
19/02/2020,Adelaide,SA,94672,15.2,22.6,17.1,0
19/02/2020,Brisbane,QLD,94578,25,31.2,27.2,0.3
19/02/2020,Canberra,ACT,94926,14.7,23.5,16.1,0
19/02/2020,Darwin,NT,94120,23.8,34.3,29.8,1.4
19/02/2020,Hobart,TAS,94975,13.1,16.8,13.8,0
19/02/2020,Melbourne,VIC,94866,12.8,20.1,14.6,9.4
19/02/2020,Perth,WA,94610,22.3,35.7,29.9,0
19/02/2020,Sydney,NSW,94767,20.3,30.4,23.5,12.6
20/02/2020,Adelaide,SA,94672,12.3,23.1,17.5,0
20/02/2020,Brisbane,QLD,94578,22,30.4,27,0.3
20/02/2020,Canberra,ACT,94926,11,25.4,18,0
20/02/2020,Darwin,NT,94120,21.9,32.1,27.4,40.4
20/02/2020,Hobart,TAS,94975,12,20.2,14.5,0
20/02/2020,Melbourne,VIC,94866,12.1,17.8,14.6,1.8
20/02/2020,Perth,WA,94610,24.6,37.2,29.4,0
20/02/2020,Sydney,NSW,94767,18.2,24,21.5,0
21/02/2020,Adelaide,SA,94672,13.1,24.6,18.3,0
21/02/2020,Brisbane,QLD,94578,22.8,29.3,26.5,0
21/02/2020,Canberra,ACT,94926,12.1,26.5,18.2,0
21/02/2020,Darwin,NT,94120,23.5,32.6,27.4,38.2
21/02/2020,Hobart,TAS,94975,10.3,18.4,12.6,0.2
21/02/2020,Melbourne,VIC,94866,11.8,19.3,14.2,0.2
21/02/2020,Perth,WA,94610,22.9,33.1,27.2,0
21/02/2020,Sydney,NSW,94767,19.4,25.8,21.6,0
22/02/2020,Adelaide,SA,94672,13,26.6,19.4,0
22/02/2020,Brisbane,QLD,94578,24.3,28.8,24.8,1.5
22/02/2020,Canberra,ACT,94926,13.9,26.3,19.1,0
22/02/2020,Darwin,NT,94120,24.5,34.1,30.3,38.6
22/02/2020,Hobart,TAS,94975,6.8,21.8,15.9,0
22/02/2020,Melbourne,VIC,94866,9.3,21.7,15.8,0.2
22/02/2020,Perth,WA,94610,19.4,27.8,23.2,1.6
22/02/2020,Sydney,NSW,94767,18,23.9,21.7,0.6
23/02/2020,Adelaide,SA,94672,12.6,30.6,24.2,0
23/02/2020,Brisbane,QLD,94578,21,26.4,23.1,4.3
23/02/2020,Canberra,ACT,94926,12.7,26.5,20.4,0
23/02/2020,Darwin,NT,94120,29,33.7,30.5,0
23/02/2020,Hobart,TAS,94975,10.5,23.2,17.1,0
23/02/2020,Melbourne,VIC,94866,10.9,34.5,22.6,0
23/02/2020,Perth,WA,94610,18.9,34.1,27.2,0
23/02/2020,Sydney,NSW,94767,19.7,26.7,23.2,0.8
24/02/2020,Adelaide,SA,94672,19.9,28.9,23.2,0
24/02/2020,Brisbane,QLD,94578,20.5,27,23.3,2
24/02/2020,Canberra,ACT,94926,13.9,29.7,21.1,0
24/02/2020,Darwin,NT,94120,28.7,33.8,30.5,0
24/02/2020,Hobart,TAS,94975,11.9,21.9,16.9,0
24/02/2020,Melbourne,VIC,94866,15.4,28.5,21.1,0
24/02/2020,Perth,WA,94610,21.2,32.3,26.1,0
24/02/2020,Sydney,NSW,94767,19.4,29,24.7,0.2
25/02/2020,Adelaide,SA,94672,18.4,25.3,21,0
25/02/2020,Brisbane,QLD,94578,20.9,28.4,24.6,0.5
25/02/2020,Canberra,ACT,94926,12.7,30.6,23.7,0
25/02/2020,Darwin,NT,94120,28.6,33.7,30.5,0
25/02/2020,Hobart,TAS,94975,11.2,30.1,19.1,0
25/02/2020,Melbourne,VIC,94866,16.9,31.9,20.4,0.6
25/02/2020,Perth,WA,94610,21.7,34.4,26.7,0
25/02/2020,Sydney,NSW,94767,20.9,30.6,26,0
26/02/2020,Adelaide,SA,94672,13.6,23.1,16.9,0.3
26/02/2020,Brisbane,QLD,94578,21.1,29,26.7,0.3
26/02/2020,Canberra,ACT,94926,16.1,29.8,19.6,0
26/02/2020,Darwin,NT,94120,29.7,32.9,30.4,0
26/02/2020,Hobart,TAS,94975,9.6,16.6,13,5
26/02/2020,Melbourne,VIC,94866,12.9,20.5,12.8,9.2
26/02/2020,Perth,WA,94610,20.9,30.4,24.6,3
26/02/2020,Sydney,NSW,94767,22.5,34.3,24.9,0
27/02/2020,Adelaide,SA,94672,12.2,20.9,18.2,0.3
27/02/2020,Brisbane,QLD,94578,22,28.9,24.2,0.5
27/02/2020,Canberra,ACT,94926,10.8,26.2,17.3,0
27/02/2020,Darwin,NT,94120,24.3,31,28.7,25.4
27/02/2020,Hobart,TAS,94975,9.8,20.5,14.1,2.8
27/02/2020,Melbourne,VIC,94866,7.2,20.3,15.7,0.2
27/02/2020,Perth,WA,94610,21.9,26.7,24.2,4.6
27/02/2020,Sydney,NSW,94767,19.9,27.8,22.6,0
28/02/2020,Adelaide,SA,94672,15.5,22.3,17.6,0
28/02/2020,Brisbane,QLD,94578,20.8,30.5,26.5,0
28/02/2020,Canberra,ACT,94926,6.8,28.3,18.2,0
28/02/2020,Darwin,NT,94120,24,30.7,27.8,34.4
28/02/2020,Hobart,TAS,94975,7.5,20.3,16.7,0
28/02/2020,Melbourne,VIC,94866,12.7,20,15.6,0.4
28/02/2020,Perth,WA,94610,21.3,30.7,25.2,10.8
28/02/2020,Sydney,NSW,94767,17.8,24.5,21.6,0
29/02/2020,Adelaide,SA,94672,12.7,22.7,19.6,0
29/02/2020,Brisbane,QLD,94578,23.8,29.2,25.2,0
29/02/2020,Canberra,ACT,94926,10.5,26.7,19.4,0
29/02/2020,Darwin,NT,94120,26.2,32.4,28.2,1
29/02/2020,Hobart,TAS,94975,13.3,27.9,18.1,0
29/02/2020,Melbourne,VIC,94866,11.7,23.4,17.4,0
29/02/2020,Perth,WA,94610,21.6,27.9,23.2,0.2
29/02/2020,Sydney,NSW,94767,19,28.5,23.3,0
